-- phpMyAdmin SQL Dump
-- version 5.2.1
-- https://www.phpmyadmin.net/
--
-- Host: 127.0.0.1
-- Generation Time: Nov 05, 2025 at 07:40 AM
-- Server version: 10.4.32-MariaDB
-- PHP Version: 8.2.12

SET SQL_MODE = "NO_AUTO_VALUE_ON_ZERO";
START TRANSACTION;
SET time_zone = "+00:00";


/*!40101 SET @OLD_CHARACTER_SET_CLIENT=@@CHARACTER_SET_CLIENT */;
/*!40101 SET @OLD_CHARACTER_SET_RESULTS=@@CHARACTER_SET_RESULTS */;
/*!40101 SET @OLD_COLLATION_CONNECTION=@@COLLATION_CONNECTION */;
/*!40101 SET NAMES utf8mb4 */;

--
-- Database: `copy_corner_db`
--

-- --------------------------------------------------------

--
-- Table structure for table `activity_logs`
--

CREATE TABLE `activity_logs` (
  `log_id` int(11) NOT NULL,
  `user_id` int(11) DEFAULT NULL,
  `action` varchar(100) DEFAULT NULL,
  `details` varchar(255) DEFAULT NULL,
  `created_at` timestamp NOT NULL DEFAULT current_timestamp()
) ENGINE=InnoDB DEFAULT CHARSET=utf8mb4 COLLATE=utf8mb4_general_ci;

-- --------------------------------------------------------

--
-- Table structure for table `admin_login`
--

CREATE TABLE `admin_login` (
  `admin_id` int(11) NOT NULL,
  `admin_username` varchar(255) NOT NULL,
  `admin_password` varchar(255) NOT NULL
) ENGINE=InnoDB DEFAULT CHARSET=utf8mb4 COLLATE=utf8mb4_general_ci;

--
-- Dumping data for table `admin_login`
--

INSERT INTO `admin_login` (`admin_id`, `admin_username`, `admin_password`) VALUES
(1, 'admin', 'Admin123');

-- --------------------------------------------------------

--
-- Table structure for table `files`
--

CREATE TABLE `files` (
  `file_id` int(11) NOT NULL,
  `user_id` int(11) DEFAULT NULL,
  `file_name` varchar(255) DEFAULT NULL,
  `file_path` varchar(255) DEFAULT NULL,
  `file_type` varchar(50) DEFAULT NULL,
  `upload_date` timestamp NOT NULL DEFAULT current_timestamp()
) ENGINE=InnoDB DEFAULT CHARSET=utf8mb4 COLLATE=utf8mb4_general_ci;

--
-- Dumping data for table `files`
--

INSERT INTO `files` (`file_id`, `user_id`, `file_name`, `file_path`, `file_type`, `upload_date`) VALUES
(27, 6, 'Module-5.pdf', 'uploads\\20251026155144_Module5.pdf', 'pdf', '2025-10-26 07:51:44'),
(28, 7, 'Module-4 (1).pdf', 'uploads\\20251026155728_Module4 1.pdf', 'pdf', '2025-10-26 07:57:28'),
(29, 6, 'Module-5.pdf', 'uploads\\20251027104323_Module5.pdf', 'pdf', '2025-10-27 02:43:23'),
(30, 6, 'Module-4 (1).pdf', 'uploads\\20251027104656_Module4 1.pdf', 'pdf', '2025-10-27 02:46:56'),
(31, 7, 'Module-5.pdf', 'uploads\\20251027125934_Module5.pdf', 'pdf', '2025-10-27 04:59:35'),
(32, 8, 'Module-7.pdf', 'uploads\\20251027131839_Module7.pdf', 'pdf', '2025-10-27 05:18:39'),
(33, 6, 'Module-5.pdf', 'D:\\downloadss\\New folder\\Tkinter\\build-20251024T210821Z-1-001\\build\\uploads\\20251028170150_6_Module-5.pdf', 'pdf', '2025-10-28 09:01:50'),
(34, 7, 'Module-5.pdf', 'D:\\downloadss\\New folder\\Tkinter\\build-20251024T210821Z-1-001\\build\\uploads\\20251105003914_7_Module-5.pdf', 'pdf', '2025-11-04 16:39:14'),
(35, 7, 'Module-5.pdf', 'D:\\downloadss\\New folder\\Tkinter\\build-20251024T210821Z-1-001\\build\\uploads\\20251105003959_7_Module-5.pdf', 'pdf', '2025-11-04 16:39:59'),
(36, 6, 'Module-5.pdf', 'D:\\downloadss\\New folder\\Tkinter\\build-20251024T210821Z-1-001\\build\\uploads\\20251105111504_6_Module-5.pdf', 'pdf', '2025-11-05 03:15:04'),
(37, 7, 'Module-5.pdf', 'D:\\downloadss\\New folder\\Tkinter\\build-20251024T210821Z-1-001\\build\\uploads\\20251105111520_7_Module-5.pdf', 'pdf', '2025-11-05 03:15:20'),
(38, 6, 'Module-5.pdf', 'D:\\downloadss\\New folder\\Tkinter\\build-20251024T210821Z-1-001\\build\\uploads\\20251105122417_6_Module-5.pdf', 'pdf', '2025-11-05 04:24:17');

-- --------------------------------------------------------

--
-- Table structure for table `notifications`
--

CREATE TABLE `notifications` (
  `notif_id` int(11) NOT NULL,
  `user_id` int(11) DEFAULT NULL,
  `subject` varchar(255) NOT NULL,
  `message` text DEFAULT NULL,
  `status` enum('Unread','Read') DEFAULT 'Unread',
  `created_at` timestamp NOT NULL DEFAULT current_timestamp()
) ENGINE=InnoDB DEFAULT CHARSET=utf8mb4 COLLATE=utf8mb4_general_ci;

--
-- Dumping data for table `notifications`
--

INSERT INTO `notifications` (`notif_id`, `user_id`, `subject`, `message`, `status`, `created_at`) VALUES
(11, 6, 'Your file is now printed!', 'Collect your printed copy here now!', 'Read', '2025-10-26 07:59:48'),
(12, 8, 'Print Job Completed', 'Your print job #32 (\'Module-7.pdf\') has been completed and is ready for pickup.', 'Read', '2025-10-27 05:21:08'),
(13, 6, 'Print Job Completed', 'Your file (\'Module-5.pdf\') is now printed and is ready for pickup.', 'Read', '2025-10-28 09:03:49'),
(14, 7, 'Print Job Completed', 'Your file (\'Module-5.pdf\') is now printed and is ready for pickup.', 'Read', '2025-11-04 16:43:27'),
(15, 7, 'Print Job Completed', 'Your file (\'Module-5.pdf\') is now printed and is ready for pickup.', 'Read', '2025-11-04 16:48:22'),
(16, 7, 'Print Job Completed', 'Your file (\'Module-5.pdf\') is now printed and is ready for pickup.', 'Unread', '2025-11-05 03:16:27'),
(17, 6, 'Print Job Completed', 'Your file (\'Module-5.pdf\') is now printed and is ready for pickup.', 'Unread', '2025-11-05 03:25:26');

-- --------------------------------------------------------

--
-- Table structure for table `payments`
--

CREATE TABLE `payments` (
  `payment_id` int(11) NOT NULL,
  `job_id` int(11) NOT NULL,
  `payment_amount` decimal(10,2) NOT NULL,
  `payment_method` varchar(50) NOT NULL,
  `payment_timestamp` timestamp NOT NULL DEFAULT current_timestamp(),
  `gcash_name` varchar(255) DEFAULT NULL,
  `gcash_number` varchar(50) DEFAULT NULL,
  `gcash_screenshot_path` varchar(512) DEFAULT NULL
) ENGINE=InnoDB DEFAULT CHARSET=utf8mb4 COLLATE=utf8mb4_general_ci COMMENT='Stores payment details for print jobs';

--
-- Dumping data for table `payments`
--

INSERT INTO `payments` (`payment_id`, `job_id`, `payment_amount`, `payment_method`, `payment_timestamp`, `gcash_name`, `gcash_number`, `gcash_screenshot_path`) VALUES
(1, 33, 1150.00, 'Cash', '2025-10-28 09:03:07', NULL, NULL, NULL),
(2, 35, 3.00, 'Cash', '2025-11-04 16:41:19', NULL, NULL, NULL),
(3, 37, 3.00, 'Cash', '2025-11-05 03:16:01', NULL, NULL, NULL),
(4, 36, 12.00, 'Cash', '2025-11-05 03:25:07', NULL, NULL, NULL),
(5, 38, 7.00, 'Cash', '2025-11-05 04:43:29', NULL, NULL, NULL),
(6, 29, 40.00, 'Gcash', '2025-11-05 04:43:44', '123', '1223', 'D:\\downloadss\\New folder\\Tkinter\\build-20251024T210821Z-1-001\\build\\gcash_screenshots\\job_29_20251105_124343.jpg');

-- --------------------------------------------------------

--
-- Table structure for table `price_list`
--

CREATE TABLE `price_list` (
  `price_id` int(11) NOT NULL,
  `type` enum('Black & White','Partially Colored','Full Colored') DEFAULT NULL,
  `paper_size` enum('Short','A4','Long') DEFAULT NULL,
  `price_per_page` decimal(10,2) DEFAULT NULL
) ENGINE=InnoDB DEFAULT CHARSET=utf8mb4 COLLATE=utf8mb4_general_ci;

--
-- Dumping data for table `price_list`
--

INSERT INTO `price_list` (`price_id`, `type`, `paper_size`, `price_per_page`) VALUES
(1, 'Black & White', 'Short', 3.00),
(2, 'Black & White', 'A4', 3.00),
(3, 'Black & White', 'Long', 3.00),
(4, 'Partially Colored', 'Short', 7.00),
(5, 'Partially Colored', 'A4', 7.00),
(6, 'Partially Colored', 'Long', 8.00),
(7, 'Full Colored', 'Short', 10.00),
(8, 'Full Colored', 'A4', 10.00),
(9, 'Full Colored', 'Long', 15.00);

-- --------------------------------------------------------

--
-- Table structure for table `print_jobs`
--

CREATE TABLE `print_jobs` (
  `job_id` int(11) NOT NULL,
  `user_id` int(11) DEFAULT NULL,
  `file_id` int(11) DEFAULT NULL,
  `pages` int(11) DEFAULT NULL,
  `paper_size` enum('Short','A4','Long') DEFAULT NULL,
  `color_option` enum('Black & White','Color') DEFAULT NULL,
  `copies` int(11) DEFAULT NULL,
  `payment_method` enum('Cash','Gcash','Other') DEFAULT NULL,
  `total_amount` decimal(10,2) DEFAULT NULL,
  `status` enum('Pending','Approved','In Progress','Completed','Voided','Declined','Paid','Cash') DEFAULT 'Pending',
  `notes` text DEFAULT NULL,
  `created_at` timestamp NOT NULL DEFAULT current_timestamp(),
  `updated_at` varchar(255) NOT NULL,
  `gcash_name` varchar(255) NOT NULL,
  `gcash_number` varchar(20) NOT NULL,
  `gcash_screenshot_path` varchar(255) NOT NULL
) ENGINE=InnoDB DEFAULT CHARSET=utf8mb4 COLLATE=utf8mb4_general_ci;

--
-- Dumping data for table `print_jobs`
--

INSERT INTO `print_jobs` (`job_id`, `user_id`, `file_id`, `pages`, `paper_size`, `color_option`, `copies`, `payment_method`, `total_amount`, `status`, `notes`, `created_at`, `updated_at`, `gcash_name`, `gcash_number`, `gcash_screenshot_path`) VALUES
(27, 6, 27, 1, 'A4', 'Black & White', 1, 'Cash', NULL, 'Completed', '', '2025-10-26 07:51:44', '', '', '', ''),
(28, 7, 28, 2, 'A4', 'Color', 2, NULL, NULL, 'Declined', 'bobo ka ba?', '2025-10-26 07:57:28', '', '', '', ''),
(29, 6, 29, 2, 'A4', 'Color', 2, 'Gcash', NULL, 'Paid', '', '2025-10-27 02:43:23', '', '', '', ''),
(30, 6, 30, 2, 'A4', 'Black & White', 2, 'Cash', NULL, 'Declined', 'tang ina mo', '2025-10-27 02:46:56', '', '', '', ''),
(31, 7, 31, 1, 'Long', 'Color', 2, 'Gcash', NULL, 'Completed', NULL, '2025-10-27 04:59:35', '', 'Jericho Flores', '09123456789', 'D:\\downloadss\\New folder\\Tkinter\\build-20251024T210821Z-1-001\\build\\gcash_screenshots\\job31_20251027130032.jpg'),
(32, 8, 32, 5, 'Long', 'Color', 5, 'Gcash', NULL, 'Declined', '123', '2025-10-27 05:18:39', '2025-11-05 11:25:39', 'Mark Marin', '09235115122', 'D:\\downloadss\\New folder\\Tkinter\\build-20251024T210821Z-1-001\\build\\gcash_screenshots\\job32_20251027132027.png'),
(33, 6, 33, 23, 'A4', 'Color', 5, 'Cash', 1150.00, 'Completed', NULL, '2025-10-28 09:01:50', '', '', '', ''),
(34, 7, 34, 1, 'A4', 'Black & White', 1, NULL, 3.00, 'Approved', NULL, '2025-11-04 16:39:14', '', '', '', ''),
(35, 7, 35, 1, 'A4', 'Black & White', 1, 'Cash', 3.00, 'Completed', NULL, '2025-11-04 16:39:59', '', '', '', ''),
(36, 6, 36, 2, 'A4', 'Black & White', 2, 'Cash', 12.00, 'Completed', NULL, '2025-11-05 03:15:04', '2025-11-05 11:25:24', '', '', ''),
(37, 7, 37, 1, 'A4', 'Black & White', 1, 'Cash', 3.00, 'Completed', NULL, '2025-11-05 03:15:20', '', '', '', ''),
(38, 6, 38, 1, 'A4', '', 1, 'Cash', 7.00, 'Cash', NULL, '2025-11-05 04:24:17', '2025-11-05 12:24:42', '', '', '');

-- --------------------------------------------------------

--
-- Table structure for table `products`
--

CREATE TABLE `products` (
  `product_id` int(11) NOT NULL,
  `product_name` varchar(255) NOT NULL,
  `quantity` int(11) NOT NULL DEFAULT 0,
  `price` decimal(10,2) NOT NULL DEFAULT 0.00
) ENGINE=InnoDB DEFAULT CHARSET=utf8mb4 COLLATE=utf8mb4_general_ci;

--
-- Dumping data for table `products`
--

INSERT INTO `products` (`product_id`, `product_name`, `quantity`, `price`) VALUES
(1, 'A4 Bond Paper', 194, 1.00),
(2, 'Long Bond Paper', 198, 1.00),
(3, 'Short Bond Paper', 200, 1.00);

-- --------------------------------------------------------

--
-- Table structure for table `reports`
--

CREATE TABLE `reports` (
  `report_id` int(11) NOT NULL,
  `report_date` date DEFAULT NULL,
  `total_jobs` int(11) DEFAULT NULL,
  `completed_jobs` int(11) DEFAULT NULL,
  `pages_printed` int(11) DEFAULT NULL,
  `total_revenue` decimal(10,2) DEFAULT NULL
) ENGINE=InnoDB DEFAULT CHARSET=utf8mb4 COLLATE=utf8mb4_general_ci;

-- --------------------------------------------------------

--
-- Table structure for table `roles`
--

CREATE TABLE `roles` (
  `role_id` int(11) NOT NULL,
  `role_name` varchar(50) NOT NULL
) ENGINE=InnoDB DEFAULT CHARSET=utf8mb4 COLLATE=utf8mb4_general_ci;

--
-- Dumping data for table `roles`
--

INSERT INTO `roles` (`role_id`, `role_name`) VALUES
(1, 'Admin'),
(2, 'User');

-- --------------------------------------------------------

--
-- Table structure for table `system_settings`
--

CREATE TABLE `system_settings` (
  `setting_id` int(11) NOT NULL,
  `contact_email` varchar(100) DEFAULT NULL,
  `contact_number` varchar(20) DEFAULT NULL,
  `version` varchar(10) DEFAULT NULL,
  `developer_name` varchar(100) DEFAULT NULL,
  `about_system` text DEFAULT NULL
) ENGINE=InnoDB DEFAULT CHARSET=utf8mb4 COLLATE=utf8mb4_general_ci;

--
-- Dumping data for table `system_settings`
--

INSERT INTO `system_settings` (`setting_id`, `contact_email`, `contact_number`, `version`, `developer_name`, `about_system`) VALUES
(1, 'copycorner56@gmail.com', '09531948289', '1.0', 'Johnnnyyyy Sisisins', 'A simple system to manage printing jobs, customers, and inventory for Copy Corner.');

-- --------------------------------------------------------

--
-- Table structure for table `users`
--

CREATE TABLE `users` (
  `user_id` int(11) NOT NULL,
  `role_id` int(11) DEFAULT 2,
  `fullname` varchar(100) DEFAULT NULL,
  `username` varchar(50) DEFAULT NULL,
  `email` varchar(100) DEFAULT NULL,
  `password` varchar(255) DEFAULT NULL,
  `contact` varchar(20) DEFAULT NULL,
  `profile_picture` mediumblob DEFAULT NULL,
  `created_at` timestamp NOT NULL DEFAULT current_timestamp(),
  `status` varchar(20) DEFAULT 'active'
) ENGINE=InnoDB DEFAULT CHARSET=utf8mb4 COLLATE=utf8mb4_general_ci;

--
-- Dumping data for table `users`
--

INSERT INTO `users` (`user_id`, `role_id`, `fullname`, `username`, `email`, `password`, `contact`, `profile_picture`, `created_at`, `status`) VALUES
(6, 2, 'Robin Nicolas', 'robin', 'robinnicolas032@gmail.com', '$2b$12$KwJfoSwS6FPkLg8gz61x6e/w8FF1jtNIzfuUJZNbqUU0tjbuPZPaG', '09198222415', 0xffd8ffe000104a46494600010100000100010000ffdb008400080808080908090a0a090d0e0c0e0d1311101011131c14161416141c2b1b1f1b1b1f1b2b262e2523252e2644352f2f35444e423e424e5f55555f7771779c9cd101080808080908090a0a090d0e0c0e0d1311101011131c14161416141c2b1b1f1b1b1f1b2b262e2523252e2644352f2f35444e423e424e5f55555f7771779c9cd1ffc200110803c003c003012200021101031101ffc4002f000101010101010100000000000000000000010203040506010101010100000000000000000000000000010203ffda000c03010002100310000002fac0a9400000025000000000010001616a0a9400000058000000000000000000000000000000000000000042a509400096512c28000320582a50000000000101400400000005580512c2a0a00000000000000000000000000000000000000000004a22800000000003200000160a80a00001000000000014000000002c002c002a058280000000000000000000000000000000000000000000003200000000160a00000400005040500000000010a80993770357960f43cda3bb86ce8c8d5e50eac68d205800000582a50000000000000000000010a0000000000c80000000000002a0a100050400140000000460de7cfe63e94f2723bf8f8e6cf4ce1ccf4f2e353ade4aedaf2ea5f64f2536c4af475f123e974f943eef4f85e98faaf1f65eee7a28005942500000000000000000000000000000032000000000000002c0a82a0a0000012c001ce36e3e5af5793cdc6cedcb393d39e32cac0a949583acc0eac152437913579d3ab96d6a68bd390f67a7e5ea3ec75f89d63ebdf07a97b250050000000000000000000000000000032000000000000100050012c00500010b2e639f92f86ce9e698ada2c4cc34c8b20b6535982590d5c6820bac6963584d4837ae5b373357579f435334e9ecf9fa8fb9d7e3fbe5f525160a0000000000000000000000000000c8000000000000000010141014010b9bc49e1f47ce4cf24d26a54659110d5cd16656a42d91359b0b73574cd08357344d6134cd377317ae73a4de45d31b35dbcfa3ec7a7e27d3cdf533a002810a9420a00000000000000000000329410a00000000000000405000242e5c078f979ace9cb2a591359cc2a5316685916e50d40b9b2426949420a82dcd2c0b0ad5cd1a837728d66e6bade7a35ecf1748fb3dbe7fae5eece802a0149650000000000000000000003000000160582a5000000010005204cf9ce9f3f1e7b26359ab2e5194240b0810a85016416526a00042c0a010d251ac8dc0d46833a2dcea9bc53d1ecf99d63ed76f1fae5b602c160a0000000000000000000000c000000000000582a12a0a82a16a066f331f3b7e2b19b9a542e191124050101604b00083510a42809402cb92d4348349a14160bacd3560d6b34f7fd0f89f463dd73a5b289400000000000000000000000c00000000000000116140041171e4f4fcd4e1cb59d21133456379339d42558cac15a26778114928cd0a52252e6c28164282c50533d39d37730d334d037ae7a2eb1babdfcfd23ecfa3c1ef94b00280000000000000000000003000000000000000000420675cce1f3bd3e2a985a98d922c958de4cca335a3268cdb924a22c22867791652284a22964d44b433416559350a549acecaa2551a96aea68f4fd7f8df632e92940000000000000000000000583000000000000000010801679fbf813c9c379ab9d66ccef25999616524d649a433bcd0b922533455b4c4d42344677096745c37239b4269aae7ab6593a430d8c3a4315a4959b3a49a2eb1ba553afd1f99ec8fa7625a0000000000000000000000030000000020a94004290040045c7cbfa3f29390a921273558b450ca0a25ceb3d573379b336a32d559a96ce73a4962ac8595b9a19eb95e53ae0cf4cf531bba979b54c3a0ce7ae4e53ae4ce7a4b8e3bc6acddc53a6f9f4abebf1fa23ec5cee5000000000000000000000000c0200002a0b0000000000440f2fcdfabf28e735cea610b42540cd05955a5cef3d65ce3ae0c16b59de09ab46748c52b3b9a2dcf6267a4ceb9e3b73b275cf48369ae7376b16d867b60e6dab8ce99b9e38efcae60b9df4e1b3af5e5d0fb5d387a250000000000000000002c0001439cb00000000000000010080f2fccfa9f2d71cb7cec86899a2e6e4095b9da697a49ae5d6753973eb8396dbb339e94c5ba970d69794eb94cda277e5e8b267ae66b8e3a646dd2336d31a6ce76ea0d8e4d53967be2b872f573b9f2b78d626f3ab3a75e5d4fabe9f2faa5a0000000000000000028228000e400000000000000400080e3f23ebfc838f2e98aacd00675996b566af6e7de6b59e925ceb43963a8e3bded313be178dd8e7d1d4e19ed832e9a31db3d6cce7a0f3e3b665baba31add396ad8c5d028c34333a60c676b3cfe7f770d4f35d6758e9df87a53e8fab8f596800000000000000594250000003900000000101400010400033f27ec788f918d62973a255963716d6f3abdb1d65d354cba439ce909b9d09cfb60e4de979f568e58eb09770cef3d2c553963ae25d69b48d4316972d401267516cd239372b38eb13c3c7d9e4de35f4be6fd4b9fa025a0000000000149412c16500000000e40000000000000044000072eb83e0f0f778ab3a9d15adeb3ae73ae65ceeed5d708ed7cfab3d1303485bbe7b379b0cea58b65acb4959de11acee943128e9734d6731373393a4e593ae7960ef9f3ecf4ef87596cd419dc3978be8f8f59e3f5be67dad67b08a94000000b00054160a81400000000e4000000000000110000006370f8fe2fa3f3eb3df87ae6b4dcceb0d896c5cf398b2b267ade19af5bc723e86fe6e97e95f9db97e85f3697d3ae1d0d2584b06b36b51923037cf1c9359e32ba67194eb78eaceec74964dd1d7955f56bcfda5dca8cf9bd5c6ce1f6fe47d8d6005000000a2288a00000000000000e40000000000012c400000003cbf1bf43f1cf17bfc3f41ab3533a93591c90c376cc67ae4f3e7bc3cef4438de90c6ad35d3917d7d7c9de5f46b9ea3494b2ca73d7130e612d317b438deb4e6ed4e7d35a25d539ba54e5ad177489cfae6ce5f53e77d1d600a000002800000000000000000e40000000000012c400000002787dfe73e27bfc7ed9a85ceb39de4c356dc5d232d8e6eba5f3cf4c3cb9f4e0e1770ccdd33d33a3b6f968e9ace8b2939f1edcd78ef5b3175956549d35d531ae95393a4336c00594d2512accfbbc3eeb8168000050000000000000000000e40000000000004400000010bcf70f8fe8c6e6cacdcca5cac2594d555deb90eac69273e925e3cfd195f33a73aa537bcf44d6f3a29531cfbe1793799738aa75ce8e9d39746752c2b9e0ed38ed751135734d594596ccfb3c5decef4b900058280000000000000000014e2000000000004020000008b003e7dd673b0973359599b95ac64d983d1bf9d8b3e9e7e393eb3e6eecfa2f2eb3aedcfae179ee6a5df5c75b1ad6d39ddc39e3a625c67a61792f3adf3c79ee7be7cbad67d1d38f54ebbd72cebb3c3b9af66bcfd0edae7d52ea68ce84ce77cabe85ceb5800050000000000000000005250e2000000000000122c000008010f125cec59ace7a438f3edc4c73bceb0d4b3ab5e84f979f4f0b1bc7a8f5f9fd9e69abdfc9ed9795da5bd31d0e9bcf44ccd64c63a625ce3ae6b8f8fddc2a73efbb9f933d3cae73ece5f44df2bcb3ae17b746b8f6d6e2ee6d0522c498dcaf5ea5d600028000000000000000142508a38800000000000022c01000128928f05d673bb66a55a5c67ac3cdcfd5ccf267d4af3f5d09cfa539fa323a6714bd73d630d1674ce8df4e7b44b92675258a318efcece462b51a5c5de939de96317633aba0b48b04b0966ecf459758000a94000000000000000a0000e200000000000004b1000004a203870f5f926aeb3bcead95694c67a8f367d10f36ba45e73a0e57ad31ad692509555ace935bcec93593335258a05b31cfbe4f3cee5e1aeba396f76c8d096894892c12c4cf4e7d2cf45975900059400000000050000000000e2000000000000041000004b0033e3f678e6aef1aceb5655bace8b289372b13a439ce90c3488d42442b3a35a9a2eb3ba8d48ccd64cd48a2a8234aca85cd2a689a82cb224a24d66c9bc6d3d297590000165000000165000000128000e20000025025000012000000020278bdde29a5cea6b57365d20eacd35012aa4a8cda332c311ccdf4e7d0d6b34deb3bb2e750cca9739d64979e8ddc6cb65a402c142c04b20092cb26f9f44f45975900000500000016500000000000e200002522894000004b1000000041e4f5f9a5e5acd9bd2597494bace8d20b002acb92637ce31c77a5dec4594e9d38eebae608884a39f3efcd5ae5b3a5ceac4a2e742548b0042c04b2ccf5e5d93b59759000000a9400000500000000000e200000000000004a4800000101c7b617c7633bddcd97573a2dcd34945940a44272df39676e5d4d4b94971577ae74eb79d37330ddc53510e4d733aeb1a3565b02000040949359b33df8754f425d6680000059400000a00000000000e20000000000000048000000092e17c9233bd6b363685d5cd35723482819b173cfa64cef968e93398d67997a6b9e8e9ae7a359704ef7e5cb7eb6bc9de358d4b2ef9e8e8cd357352a50080106759b275e5d8ebbe7bb9a2c0001480b14000b28000000000038800000000000044a20000002079fd1e59ae2b99ad588db356eb34d5cd5b734a94033364f269c17d1e6b25e1ae8a77e03d4e363733aa73eb95c7a3cfb8f474c76b9e2de0d594b654a814100092e6cd75c764ba2e68a140000000005940000002880038800000000000212800800008079bd3ce5f2e3af29ba22d957494b7357482d83484b6538f2f4e0f0cf717cbd7b5ae73b53ccec26f74e79ec4e1aea95a96ccf3eb88cd85d582d84a94250419ab3d1d33ab85968500000000000a9400000a04160594e0000000000000100012880012c12c31c7be65f22c9b5965b734b625d22adcd3484d5cd2c292c094bacd332e57adce90020d24359a8e6b0a85d20a42d950949acf5b9ed5759000a000000000500000b28012c00038800000000000044b0582c00004b066c267598f3e3b719b096896a55acd2dcdab735353236c2b720acd8deb9ed6637ccdf4e7d049134c8d334d490b9b93495452c0a9500be8e1e9b9b4d64014000000000a000000000a22840e200000000000400000400012c24b924b233c3bf29ae6b26a8508255a0919b357236cd3572353185eb7845f5bcdb3a4e593d17cd93db3c9b4f4ce193d0e1d13720ddce96880165b1654e9df3bd642c01650000a20005940000005800a00228e000008b0288a228040000008b0012c266c892e498d45e59de73a859a8a259568333792658ab99c8de31ba97af55f3df455e3be9833cfd5b3c7af553caf4653cfaefa93cdbde637bc6cd142c02a84bbc7a2e7765b90a02a5000142580050000000148a00000e000200000000540042a0b000021092e624b0ccb1739e965e0b33a05140599d60ce7433aba39cef6b8ee96d2b7252d94b348c6b44668c4d8e76a2dc68d40a952d96ba77e5d6e165b02965000165000000000094000140000380080000000004582c000000092c8cca33369795ea2677897866c9a845a90d445902d0285cc377917ab9c3a5e383d37c9a3d4e1b3a6b9eecd594104b0822d94b654b9ce0f677f2fab598de6e400aa002a5128000000000000582a5000380200000000004000000088d6971748ccd433359892873df35e3cfaf15e99e7d6592c54b4cb459549548d2b13a0e73ac38e3bc5e3aeba38efad33bba48d42022a32a0a4633e5adf5e1e88f4fabc9eab9ed34b9c4e839372a00058aa0000000000000000a82a0e01014004050000000400256b5a24b222d8ccd4338d605ce8cf3e985e5cbd1c8f363bf897e84e1e89a8a24d41ace96d96b450a25a234228288a228cac108412e2705f3eb8f6b9dfa7cfe997bfa7cfdee7d173b662ca67432d0c4dc33372b3400002800000000052288a3ce100050400140081a32d0cb74e7d6ea24b224a5359499a31cfaf227494c63a61738de4e5e2fa1c17c9d78766bd37cdde345250b725db237714db36adc8d5c8d334b6435222c08b9473459e7ede5387a3cdebb9e9ebf3faa3a76e7d2cedbe7d128b1288a24b0675958b515499dc332ca14800a0000160a9403ce1014004080535b31adc8973a2a50a22a339d450359d44cac318dc2cd0e78ebcd739d4318eb93e66bb79dbe93497af4f2f44ec9a334105bac536c8db34d2435734a8282a64bcc12f3979f9bb79ac9edf37b2e77eae3e88e9a96e7a75e3d4d0b02820092c88957565b2677930b0bacec936ae4eb930d640a0002803ce00010251d0c74d5896899d48c594b62ad94449602ea6899d6512c30a0d0e78e9178e7ae0ccd0e3e0fa7e65e1ac749bce7ac89db80f4b1ab2cb4ca960160d251652d82a64d73516e659c77c8e5c3ae359f47a71e8937db3bb35654df4e5d4da5b02800899d6601756546358a40d6f1b02808b23336ae6de4800a594f38001a89add8582a58054a32d650528592c2594d554ccb06759a8682a319de579e7a60c2c26770f0e7d5e39be9659667a0e5d243aeb8743682a2aa234cd2dcab5308b2e85b2a73d739672df1ae5e8e1ee677e8e7d935a2e6eb3b2f4e7b3a596c0a002266c85956a124b2a5175a950280080128ccd432dcac5b0f380bd09b58940200a16a09359214a099d646b3a360c8499aa9acecb3523137179e3ae4e79e90e6d431f3be9f05f2eb9f4ceed04d45ccdc3342dcc36c536cd0a1a9a14196498b833c3a72b3bfab3d99e9d33bb2ac4bd33ba6b3a8e965b028282333588b6594092c1668b4d40a084b21650299b98583573aaf1ef5a89400b2894022a16812c334340ce7591bcecb35924a499d66aef1d2135164b0ce750ce750ccd431363e7e3e8fce9bddc6a5d15733432a24d425a052552a511062e49cf5cab1d397bd9e9d26937bceac56d2d946a53a596c0a0a019d2314c8454b06a68a350282208a28099a8c835ace8e56a24aa80a82822c8a85b652cb0cd0a0ce6c2ef1b2cb90b9466cad6f3a8a09351713639ce90e53ac31379279fd03e56bbf9e74ddcd8d012972b02c165290a811918d60cf2de2ce9efc76b96a693566d2ea51acd34535aceac0a0a00226772242540ba9528d00121650292c208c88d6a5ac5224a22ca805944d49620d5ce8b2c2028319d64d6f1b01244a95a2d9a800522c12899d179e7a64c4d433e0fa185f9f6cceed940a8b0940254b01066c2635833db9fbee6ee6ae56d4bbcec289acecd4d64d6b3ab0282800023337888965d6b3a40d0042280292c88233653565ac888500ccd640ad4a8ccb16eb3a28320a4312c35b524b94451ac97539f9cf475f99f4cd8b0096524d48ccd179cdc39b793cfe3fa7e46b8559a0128928849404424424d6ece9e86ee26951a9b1a968b626a437292eb3aa0a0a00000239b798d5940a1205028092a24b21668a2b2485512c19d64cd2ad963335956f1a340c944b931ab4b11014cc2f1c625935227d2f9beab3d6ceb50094008a8ccd45ccd4318eb93c18f778a6e05012c24b16448b28caac9ebe5eb656db99a6896d26942c2e750d69525ccada5a0028000008948012c8596828092a325850a2b32c8b6504128c2e4d6b3a339de15ace8d04cd82ca12c111633c23a72258a24d424d64ebeaf9fab3e9bc9dece89680012a24d4339e995c79bd795f98efc26c04b08b0928cb4257a0df4b6f39a689a42d5280533b913a4433e6f47056f1997d3bf15b3dcf2f5b3ab36a8000a08088228a0a024b32594140ac960524b00339de46f9f41cfa7356b3a4d2c3250656cce235ca6562a2502d3336319eb939aaad0ebd7cb9b3e86be554fa8f99d6bdece80128ccd4971e0fa585f96de26e0008b48b4beacf6b8975a4cdb089b34992dd549424b0d4ce575c379267799739d66250d74e23d5bf15b3dd7c7d2bd0e7ab34280cda80a0a1324a8016502a085092c009350c74c6c63a7326f3a352c39ccc5d448ccd4332c58b633abbaceb5a4e6e90e79eb8385a16899de4e5e4f6f9acf07471d63d9f4be5d9afbfbf85f457d8944a24d48e3f37ec789af1966cb5336d2769eab1a19a90d49c4edcbc1e7b3dbedfcefa93ee6be3e17ebf2f8f13eb4f1fa73adf4e7dcae92b967a623135172d222893509546f14ebd3875b3a5cab5796ecd0a012c81622c165034965c8092c0a2033a94b8de49ace96cb131b9a263a45e39ed238ba8e6ea39eb56a69493431cfae0e33a432d424d439f1ef98f9fe4fa1e3d63a7a3e7fb879bd5c4eff5ff0031e8afd2be6fbe6b604a3e5f3fa9f326d6fae5e3dfa6ee73744ccd4319bc0be5e9897cfc7b70d63877e3e9b9c6f8c5c76e3dcf4fa787a31bdfa38fa0dcdcae59eb8393a48c3a5393ac393ac395e839eb7a33d1bae79bc4e9d39753635004a80880596841658024d425080965359d433655b2c49ace8b28ca8288b08b1565128ce779319e9930d0cb638e3b733cbe5fa3e5b9f9dd24d637d7d199af9d7d1e667d7e9f2759bfa9eaf91e89afa0e3dac78fd90f2749a975d251181ce657335630ed53e6f93dfe1de38fb7cbe9498e5931e9f3fa8f47a7977c74e9df1d6a8b267639b7258d132d0ccd970d0cd52d96ce7e7f4f0977db1d00d40048a480165a8a216004a2020259a2ca336512c26b3b000004a24b059428929739dc39da0b4e7cfbf231e6f5f2b3e6f9fe8f875cb5cfd9d17cfe5f4f033ebf1fae5efdfcbecc749d798f76bc1ebd4b750649667a0e39f464e5bde8ce3b72b3c1e0fa3e0d739df1b2f2e995f27b7cbee4efd674c75ebbceac0a022b20004b04b014a2b1cbb723aea50280132b00168b009658000928809ace8a0804b06b3aa00000222c2594a04a24d4313595bace898e9839b44f1f8be8f0de3c7eaf1fbae796ba55f97d35c99f5fb7c9eac75d3526b0d43d3dbc5e8b3a8a00001cbaf13c7e0fa1e1d72e9df87acc797d9e033eff0027ba5efa9ac74eb65a0d020202128804b0594a2b3cf793a5940a020c84550a2c0affc40002ffda000c03010002000300000021f08000000200000000c35f7db0c200010c2cf3ce3cfbefbefbc814c30c20000008000000000108200028500000f2c20000000000100005d475f7cb3850c020c30c00020d38024300000000000d30000000000010c00000000000f3cf3cb0cc00001051a5de51f3cf3cf3cf1ce14f0cb00000000000000000000c28000000000000000000000000f3cf3cf3cb00000041470040c20430c3052cd2c804730b3812cf3cf2c200000028000000400000100000000000f3cf3cf3cf3cf0c041001040000000014100254cfd6bed3255bf04d3ca08000000010000000000000008000014538f3cf3cf3cf3c70c300000014f26b3518de79fdd404669e08d218dcc3480000000000000000000000000001c000414f3cf3cf7df3cf5df3cf3cca3c9da7d379049349c35f6933861a334b00000000000000000000000000430000000c3cf3cf3cf3df3df38d045f8871c41b24d71d08c30779015318d3273cc0420c000000000000000000020204000000000010c31c30c0cc25b11e61b6c7140d66aef825bc13c8ac11653cf0ce28000008000000000020014f3cf3cb2c20000000104020cb505590533ceaa6ca248e6b2dba8824ba020400b34b0000000481432c30c10081cf38e3cf3cf3cb0d34d30c02953432b68e12c52818ebbaa9e1626b6c82ca608bf10800000134f2c000f10f3cf3cc30814f3cf3cf3db30f608e8248418abea11a59f41359065f5b5cea5678ee32e34f0000001cf3c538c34f3cf3cc00030810020010c01375254c4a58a4b68bd97155d251631145a1c26929e528ad000000c33cf3cf3c73cf3cf2c80000000000000004df2d799e12e96ac196d93cf3d4488eb0160ab28b94ea08564000c30f3cf3cf3cf3cf3cf3c00000000c200104f7df3318379a5a52eee57ead5953ae07480d6291047e768cc500000001bef3cf3cf3cf3cf3c03cf3c31cf3cf3cf0137f2ba386f53b5bff8720bccb5ccfd5d26269a4b2aac71f0002804718fbef3cfbcd3cf2053cf3cf3cf3cd3c041e42d82e9dfea695481d6943128d228e91d5b8c352b3d53f600433cf9efbefbefbc030000f38d3cf3cf3cf39041b7f64e0d6c8a4146ab1870ed78934b3653c57438dd5305e4010f3cfbefbefbea8a000000f38004329f3800117df7d2a97d54cf17554bef8888889b2a7cb0145508b0eaec5c00073cf3efba896a82000008e3803042020000177df7d580a2643365591cd2f5629d9e8c68755f79bdbd4b9a3c20083cf1efa6b8e882000f3ca0000000030005df7d84155c06111cdcd5f118cb5f9edd8a5e85cd6fb720fbe0fc800f3cc30c82082082000d3c20000043000057da416417ec1513ad8f6c858754731d145b361d5492c2441a837c004f3c00000208208209473c20000000000057da4104197b3ef2268ceb092cb6d2db38bb938c87782a8a6957f8014f200000820860a239cf3c20000000000017da4104564c5faf7d500a5b6885150bf4726209d00401459bd22003cb000008821aa18efbefbaf0000000000107db41075b6e3f4e005287995ed1a49eff00aa004d3dce2019a23b4843c804f3ef0cf2edbefbce22a00000000000075f4107da632892745b7796ab5414dafd9c1223c9afca9a623b680340007bcf3cf3cfbcf20832f08000000000034f5d051f593e6aa2e51b7175bc205af0b69f9c2d6f719a096ca8010214f3cf3cf3cf3ef82082e00000000000015f7d051f61ece38aaebdda4fd80d8b6cb2857aa2f5412af9ff00e8100a0073cf3cf20000082082f0800000000001df7d055f5c9e2e9e4200024c9242a22173446810a189076b52c8004f28538f3ca00000012082b0000080800007df61041f5667e4d74900f3ee3ae6459ecd65b8085706138bd3e801cf3843cf3ca00000002082e00008c20000015f7d24116f01a7ba0dbf14cd2376328285b02c7d4475ef599ca801cf3c210d3ce00004306a92f00000000000011f7904174cf1629e6cbc4939e958836e34b3d1b1dfbee6eb18fd12cf3ca0053cc0013cf1cb8ae00000000000001f7d841068f275019dfcfe4815cada20c0ba1196bcb8eb1b578e73cf38e1803c41433df7cfaef08000000000051f7da4137691773d228e22cc50e7a5be7aa961b6ecfcbaea59ff00538004000014a14f7dd72fbeb0000000000034107de41f57f47c11e14d3f8a7590415c31189ed6da7e4919cbe8400014f0cf3c200f7dc46baa300000000000041051f49541ef8e09d90f13c9068895cd78f344b35145292b3e04f0473cf3cf3904df51057fbf80000000000004535df4955d5eed5368af2369c55b28fc9dff00a49653c619f8e814e00f3cf3cf01041d7df73c9e800000000001041045f69465aca540cca5b59aa36d805d5474c26d6021a9bf211ca04f30f3ca01075f6df430b2000034c30c01041041d6905b1cd5f2cc60b672661131042062f5a228650564b73c234f20b3c841041579c42082000f3cf3cf3904535df69b67e68b6b3d30b0bff47e85d046c58a0ae927cc3ead2801ca00040041041f7de430c200cf3cf3cf3db5df7dc410fdb8008e18fcbd1570bed873fab5ca243820d22330bc03c210000041045f7db4900003cf38f3cf3df7de410f429cff00b73c7dcef2bae33d448270c04a323972127358f9292b00001341059f7df7d30cf7cc21010c30c31846539ee374dc374724233844169a2fbadb0b1e6c68e611315935f4633d3c41041f7df78c30f6502104000628cd2bed2cdff4dc0ff11d78d4658a43ca1091e7b37154e3f16016e4d711e5b54b0cdf7df6c200c500010c201b24956b7948ef95b98bd5460da2962d7cb1fb9f6b013aef6e5ee588f81adea6505f827dfdf3cc00000042207a4b3e5a4eb30bcf5fbeb6f6dc13b9524c32587c3304565a18f00da2c0000fd68d574b8809edfbef2800019244b196dd31aa1119d166f3aefe1c6f46f892c32aa96ff476e2fbb78eea421827c26ed9034820826af92e0902a10f758e99a7941080d9747c926a16779d091c938396eb23ae6fb073d1a06240234a0b62b0c225aa00f84899cf11853396bb6094c744d56f431a7a6a666c2e2857f6fa2bae8cae62225b684a010023196c80000f44219f6a9f9f4d1733be0a208852c1c59e9d3eb9279bb0fcc2d82f82aa249dc1c1ee99a8624000b379edd6386ac6529fe68db169c7239ef02ab0603b716fdef77dab8e7972c91694b6d9a49ab3f9ba1b204240011a9deac68094be0ebbda2fb3ef553080a3eb208b32caf70041053cab9f4c45659b822ae870bea83eb8724e00c30cb8906c179d32e736d69f354787f82ce3ab34fe2a3c97f2408008d6bf30a8d55f3acadad38ba9ba1bb14a19ca00c228a25e9da8e7b5c25ed17b9e3a14f6f5f3627d7d543fcf241053dd779c015959d58cee1822ae7d7264f4d112dbcb8a856fa0ccfec225957dad731dd63d2390294279251435be01301b90ab81180994a2786bc37d69503e398f287dacc70d2e4fdaea56177dccb96537c8e132ae238efbe71cdc6af8a47757a4eb455f4655a02fed1073b3239687fbcaa7ef83675acc043771a61f48f69617fd3a3ce1dc4534fec3dee3820617a8429550e67634c41da5dfb9e7b7960854e39106da460c3c61a6d45cf7d07d045800605032c04444c3fc6a8dfa6416cbbb256a659f40b111df58a38b42ebee85161b71ec34c1c79449e7b0c30d3f7dc4c2225a6479864aab6f3d555752954f6d0d42d280cc30d55515a104e207640586ac30f90630c5a4138e0028fd0d3c76aa68f90b59059360cc080016ea70f72de0080434fd56b589a76a3b1265baffc4002d10000202010303030501000203010000000001021110031220303140215060041322324114234243516190ffda0008010100010702ff00f5e77166e1c90f5a08ff00440fba85a88de8b2cfb913ef44de597f25bc59abaca23d66d8f59b3ef31ea3636f1b99b99f72485ad225a9237b16ac85f51217d4c85f562fa942d44fe42d92d643d6fc87ac4b57d072dc5e1fa166e2c6f86e1b58a3d71742d421f50d11fa942d54c4fe3939b44b58948b21ab44a5659fc2c657278fe09966e2f14cb1314d91d7685f522d54cbf8b39a47dc89a9ae4b599b8bc5978bc279bc6e2cbe765f1b37323af3443ea2c8cefe2739513d444a44a57c2cb2f93e57d1ee5e6f0a5469eb321a965fc3af0d9a9aa4a43970b2fa0c5d07c6cbc22f098c8c886b344359484fe1ac9ce8d4d590e437858be0f0f8aefe07a3c278bc234e74cd2d44cbf85b639513d435277d15d17c170b1ffef95e7b1e99d2d468d3d5b17c2a7a8913d625a8f8df9eb97634e6bd0889fc1acb351b2731cb8b797845f9cb29d1a5a8458be0be84e691abad637e22f0965f04c86a321aa425f059ce8d4d5be77ec4c5ce12a66949342f81cdd1ada9ea58f1d863f6c468b232f81499ada8c79dd45fb55f18ce8d1d5b17c024e8d4d548d49df263f64f4e2b8e9ba34a57f009b491aaed8f92f6262e9d89d1f4f3bf7f66af62521f048431f24bd9a2508d069323dbdfa4cd66c677c3121e7ffbe43e55ce222859ac234bd2441daf7ed595139363163bb3f859fdc3c488963ef943efc5af0176e14571895c51167d3cefdf59acd0d9587878bc2c316165e1e161f0ae090d70586848a28a28a2b287e8cbc7f73423405ef93ec6b4bd7378b1bcac3e2b83ca43e1fc18b08a28a188a284892c515eb868accd7a1117a63b91ef8468c958bdf3525e84f83c25c7fbc689736567f83c259a286242ed996686b34561aa78fe117eb8fe16693fc88f6f7cd6ec4f0f359fe61e1771e161f0a1f492c51584bd38b170a287892c218989e21dcd3fd57be6b3a449dbc31e59fc188fee162b090c7859ae5118848a28784bd04b0c456114359ac3435862c211a2ff001f7cfa87e831f397048511a284bd0794b09716b090c5dc8f62b12c472fb0b15968a28a1a289656111343b7be6bafc46318b3fdc3ef9445090c4b0c65091457a704892c21f72044a192c4161228a28a12e34514388d70444d0edef9abfab27890bb61f2488e18878a28499b468acc51228a369088962892288a28a2b9b5c68921ae1a668fbe6afea6a7191fcc2ca42594878a2848a1a2b142449145142c514491444a1228a28ae6f2d1288f08d3b3497a7be495a35e34c7c98b2858ae145091434514258922848685c248a162ba75c1a26b08fa649fbf7d543d2df2685942e3456161e284b0ca10c5c1e178534311f4b1fefbeeaab8b35234f82450d628a10ba0b35c90c5858621742cdc6e2d8a5ca5126a988fa68fa7bf4bb1aebd58f0909158a122b166f14cdc59795d262e0c58b371b8dc6e379bcde391626c5213e5acbd481a31a8fbf4bb1adeac62228acd65bc5966e14cde7dc16a0a66f46e2cbe93cee1cc73f51eb0f599f799f70dc6f2d1dca6262950a57c75d1a3fb2176f7e67d4aa798ae4c72cd62cdc6e371bd9b88ea1199b84cbe8d966e2f1434565091453c58989f0d65f89a11b9fc03ea216892a17723db8b6363369b47d18c8dc290a42e6d9290e4597e825fd28d86c360a26d1228da8da8da242cea7ea7d3afcbe00cfa98548fe91edc5bb28745146d361b0d86c36158a285df084f93263f5c51b4a28a58a28ae9cff567d32f5f80fd542cff00b0bb70ac5145145146d28a28a28a28ac21726328a28ae0a26d3694515d2d1fdbe03aeae0cafcba746d369b4da389b4ae28b10b831ae5428891457563fbfc067fa8d7e7d3acd1450d1b471e2b0b831a2b8a1168dc8dc8b5d4ecd11edf007d892ff93a9f711bd9733f23f22f0d0d704228ae0f0f8a151e8521c0a923ee3429a2fa13ec68cbd3e033fdfa367dc36c98a3146e8a3ef44ff440ff004c0fbd066e58635842162b93cee1eb247fa8ff004ccff46a91d7d467de98b5cdf1651ebd097634d8be0135f97469b3f188f5d0f564c9396542cfb628bab8cfd68794228a28a1e5944dd1566a2f5c222d3231768d83d31dc58a7216a314842e50ee2edf009bb972787243d51b6c4851270759b3736423f823551a33bf4a28a10842cbcb43f48dff00f606b43fb9fa7526f1a8d1b4d8280a225cd7ec2edefefb1fde2d0d124c7166d28a2122d335614f3a1a56ed928c99084a32c56108421f2d48da3ecb23a6d0e3fc9e8bb36c886936476c1129946d1212c2e6bf6f803ec7fdb8d1434388e26d2842511c47a088e8410a962cefc10b0b9514762cee7a968b58a66c66d28a285ce3fb7c066aa5d06868a36a361f6d9b246d66d2cef84b92e8b438e148b47e27a17d587edf01d55d0a28712b16596f0a26d285e050e26d3695848ac515d1877f80cfb7468a369b4da6d3694562bc3a28a28aeae9f7f80cbb725ca8a28a2b15ecb0eff01976f1d7b043bfc05f61f7f15715c9f8d0eff0163efe1b1b17042e4f17e243bfc0b53bf84c67f45c623e4d66f8561f534fe05abe13190889756485e1e9fc0b557a782c6256c5878bc5f464bc3d3f814bb784c8e5e6cb2cb2cb2cb2f12c2f063f0264bbf848b2f0cbe566e371658f0bc1447e0337487e2b91f7226e5ca73649ea32329c484ef35e0ac47e03a8c7e13ef8b276cd828b14da1493c59b8ee6c44b4c87a1643d58d15e0470be033ee3f0a68b713ee179a36b45bca4cf51d9ea2469ac3f020851f814d7a8fc2922511e99f6d8b4c50361b47114450369b4d86c1444b0fc0876f81c958d784ca3694570688ae93eb2176f82344a1e4c85d27d68f7f83325e43c2f1f4d7c1e5d7be8bc2f1e0bd3e0f2f06f9bc2f190be0ec7d4be8ee14cbc59bcdc5f8705f09974df3b1ccdd95266ec5966f3ef0b54fbd13ef214cbeac57a7c25f5acdc3d6a3ef9f78decde6f37099b90e454d9b19f6cfb66d1c4d85085d38af8bbcb46c23014111d389f6d1b133ed0f485a684bd46b0ca144a1a2b0ba515f1778a368e056166f8d146dcd7520be1889af0291b7af5d387957ee3b44a863ebd9659e9945a37a37165f5ec80be0d46d2b8325dfc745f813951164088d7c0a8ae831975d7a28a287c5085d494e8bf522408e6bdfa8ae9486488cebd3a745668a369b0da6d361b4aea6a6a6d45b7844088b8515ef4a3d4631a248d2d5f5dbc58b9514514514514575652a35256c88844488ba1457baa8f46f8318c9225e932133bf15e53912649fa9117722210bdf52e9312f5e2c68d7891232a13bf35b19363fd88888a1085d7a28af66a28a28da25cde58c4b9eac6d11c26d0a57e5b789326cfe9044488b0bdd369b7a8b8be0f8b46a2db316632f21b2f0c9324417a9122888b0bc17c68af2d22bab4515c1f07cb5e3e8471588cbc66c6f3264891a484410b285e03e8515e3509707e2be5244a3b642e11917e3b632433497a091142ca1786ba15e1a895c5f99ada7688e6b09b4277e0597c18c649905722288a17042f0d74a8aead0a257b1b3561b5dacd15852ebde2b1631926334a224242e2bc35d5ae925d2af37557e045f1ac26d1bba7784b83c324455c88a2285c97b1515c947c55e1b5e84e3b242e54562cdc5965965978ae4f0c668c7fa9090b2b2bd9e84bc65e26ac37223d3a28aea319dd908d212170595ec6b2915e3ae6ba759d6853b4fa75d563346372ba10b2b82e935e4ac25e4af128946d128ec9578cc78d28547085ed4bd8974e8aceb69ee5e3b19a30b769623f16a28ae3ada7ff006eb5f2632ad9a71a598f6e8af7c5e23e146a436bf159a30feacae4b2bde9e1788cae138ee438ed7e24636c8aae08485c165755fb6bc2e8ee1eb51176b8ae96ac2d789a50fef08f45759fb63c2e7639244b54fe90fd5715ce8aceae9ff7c1846d89715db9a2bde9e12e57896a0f0bba23db8ae9b44e1b5f83a71a5ca3cd7be572f5636a24a4df1d3d413f0271b4355d17cb4e36cae4b83c2cb746f5efb67a225a9d08eab44669f81ab0fef552b231a5cd74753f5c5b16a316a22d7bc771cd21c9be92744754535d668d5d3af5ea69c7fbce3d1d4edc77316a0a66e5eccb0f2ba163253eb262d416a8a68be9b46a69ed7d38c6d89725859ae5a9dba1bd8a6299b8bf6242e0b9596397428a28a1f394e513fd547fb62687d5ee1493e8ca3689c76be94234515ce225cb71f7094afa7b99bc53371bbd817058659b8b2fa3451597c98d5a2bd1a6694da6296ac6647eab6d28ce32e86a43721aae869c048ae36912fa8d3892fad4c86a468de8de896b4227faa07fa6d9f7196c4575ac526290a46e2fcb62e6ca657428ac51597c9e26aa46ac7d711d774537eb1d7944d1faa8cfa1afa7fde51858970b2cd4d4a3524e8d4fd16347594627de8327bab73d67255a7dcd2fd9e62561f5e23caf2973a28a1a28a28a28a2b35c18f9eaab893571c68ca287a9a723525ff569c19a3f59281a7ad0d45c9ab3574f6cb342d262d2424562b3298cd435bf988e95ab7a32127184b1a468f7784438d1451451451451451450913ec2788f94ba74514514515e057ab8ce34f1a3a74b739e9c09296a2dc68cdc59a7f55eb519a971d486e88d5322ac8c12e6e44a563193ee8d6ef8928c628df3439c9e347fa68ff708871a28a28a28a28a28a28ac6a7613111f2979ed63557aa7ad1fe8f51b8a5a70dc6a4bf1189d0dfa2969cda21ae269f0d7d3fec23b561706c72cd1b092fccd6fdb0e508a4af4246a421b5b34bb1a3d84244785145158a28a28ae5a9db10f2d79ef1256871b88d7a895bad91504bfe189ace0eb1a3ea9a87fe91193443553cb25dc484b363cd091435ff00233557e4c51f544e136abedc8a6b1a6bf13457e2444bc49f6c43b796bcf68786aa46b429e1424d374c8fd3da24bd483a912eea51cc351a1493c4a36258bcb451424512ec2fda44ff00666946e687a93df52d47175af4d47105f8105f8a222f125db0bcb5e7b1e3523e86a47740a341adb28ffc7a44f5a521a7de8d3fca0693e116d10d44f85145146d28ac6a7ea47b48668a7b896eddb9fe7246bd7e22457e02fd511178923fbe62f607868ecdad5854883a927adb25eb0fa7bf5d4fb7b36b34a5523b4c5c613be9eafea7fe363342f70b5a5ba9eac2cd669cc5dcfe23f847c597623dfdf1e75153bd68dab34a5a6b4ed6fd663fa789a9a6e2f0bf285c3d62b8a34e77d2d6fd09fa6963465b667fc517bb6c7595c9549905ea87ff005c47c59f621e0fffc40002ffda000c03010002000300000010d0800050028209efbe38904180c200c243a26aef82430a008027aa38e39ef34f34f2043420018a2c30eb541300f2c204000000087fbcf61b49054b3850c51934a1bad9e286f9acbefb210c73e20ce2823cd08092cc31cf26cf3cf3cf3cb0cc0209ff00ed56116d000030c34d19f5ef8a9824b20838c2cb0fb6fbe314f1c33cf3cf3efeb8d7ac753cc30f3ce3eb020b4e7194cf7c31cb0c30594df001388048bb0e747df6c652dbef94f3cf3cb38c231c3157bf7f7cc20034f3cf3ef8c04102147cd3cf30c5d808b0f2d97a632b483cc9f7da4bdf5e3ecacf3c3080053cf3d5ff00ff0028a04002f30c34fb470c300000014f57b505b59823168862cb7ba5a29f8c4b8430820908bad38fbefd6ffdff00ef20f3cb28400014f75f3cf59c30f34cc14b77c68bb6f70fb82f7e3328705d91bc30820828befbefbef7df7dff00eb0c90003c300000000431d210047304d4cf75ad02ca6d02432855fd11420128effcc62ae0a25bff00feff00dcfefbcf1c204000434f3cf2c30d30c330608711041e6001cd7e39e2bee9c9007b0d12bdbfceeaa0be7b7ffefbcff6f0cf28f30d3cb3ce20034a1114032cc34351d5bd726a2e00800f15e421b2b8af285f1bf6b82482fba7aac92c30e3c720804530c34f3cb0d34d308e1c534b27da0e87ce7a14d0d25198daf8c8edb6793752882092e8a092fbf02c00001c30c72800008243182c04ca64048338ca54daab09bac8638a3b4111b9dfe6833ab6f8639e7a3082a8738a00473c330f0472cf9ef2c03134971c7528b6c1146eeb642e68db079871a64e287ea1c4d218e7b2c872c20828c309cf2c730834e0c81090004da03889706fa7e2f39b54648b6e9ae69623ce1028d3c686a709e38e082cc34e30cbff00df3cc0000000c200504f711212832a647aeb2f1a4693bc39a1237aaad26fabe9af95bb4e37bee000c3acf7cf7fff003c03cd3c31cf34e2003df67aee6b62b6b6509cc614e9509529fd753792478474e54b4fd7fb8a605dff00ff007fdfff00a053c830800020282f69f6e34adbe239318b00703093e8c638e71e4dc579ccfc6c1d0dbcc306104dd7df7f0f318ee24210e10800007f61acdcb9a36588a91f1b779d22279a6ad9c1763819afa0c7073ef0c345537df79a490c30c7804f38c15004f2d1ff0017355b9a01b31e1de975ff001705dfc68e6ab434d59417d0d74ff8c37fdf79855a410c77f7904f0cb1cd3cc217798c7248fe7a8626153887e8025ccb53c1dbfd9dfac6d461172f37c37ddf65b4d84dff00f0c3538034f3cc3c25de437fb19e991e1cff0004ca1de22bdd8f70cdd5116b5c502aa63e89f1ff00cf3c4104d77dff00f2c3d0003cb0cf3c5695ff009c37ed891c6912ae5e2c5aa7cd5714484b9b99c7e4193ebe2ba3ff000c3cc117df7df6b8c3d2c00c530e805695ff00ee3de8ea793ba10cff0097e8a9e3907809636a76556539cafafaafe30c3a45179f5dc634ff00d3c00002400014b55db477f62e89b9d3c7425bd1aef39d36740b5f47074e6214a2796bc37ff77de55e71041f79038800308b1f1ef6ed077e4fecf400e18fa95e5ea7ec11e651350d62254baeb3d3b969db0810f31d924176fee152c02802802e0e70ef0ffd6df124c3d2043910d05e6c80b5f00c47998b812a5ca359e0bf8430c31db057fe38f1035a626b6eb2bb68e33d2ae7e64323a41beb8b2224b4c6c690142dbc43d81020235fe0838d3adfff00fbddf4105197d810330f3ef97bc3ed3fb5fb4228b38c6b8ef007ee1ebe4c079ae00026d27e83efe2b79cbcff00fe30c7041041075848938b2e39fbc3fd7bdfa9831ed0577fd86f99022f83a97e6dff003b529d5d8b7fbfebac75ff00acb0c30d114d47d0408080800ffe5ffc3ff050ed043c16a24a9d096efd0dbfee5db3d2767f1ea3fa20bb9d7fff00ac3ac70c977917d048ca0008097ec39c31d2176b7d29674d8e029943aa5258841cc026a26ed2e37a25bf2e76ff00ec37fbcf956d07d802000000493bc7ee33ac30624df36f34db96e209819e36ecb06f7c55b656dc2d30d3ac3ac7ccfec30e347513c202540002001f6176b0d43913fa14d7fa2012dae08de73a61520db000a78b6e8d30fb1db5d74e3dce183051034f2c10008045bf495433dc7c17e29be39c4890adf62d044b8c9897c04110a7f7bfb2cb3f7febaeb58a7b1f4d43c3084000003430ed179f3d1328dbb301c53e26ff007c52bdca8fbcc3d28a91eea9ecbceb0f30cf2ff59ec85b69c3ce00020300045051a65120904bb58bc851bced3b3cbc31f450c969ec91e0dc515db8dffcf7fa0b2792094f7c73ce30000c0805535d375400df06e2a89a50ccda0b564c67301071b88539f06969e5d079ff00dfc20be6befb0c5d718000000001041045e5511cf468910dd09ec510da675335cd26fa932ea83f8665e79171d45a4478a08ef80471f08034c30c0104144195550e97876a42c502269868e316702457e67a200437e87d34d761b4d814bbea9ac81041200f3cf3cf3904535de5091e8f5717c9be37656a83351c178d5b3e19e5ec3eb241575a4100173cfbe196e8422180cd38d1cf3db5de61360ceb4b340223522e3a83f61d73fa20177126038af3c4d5d5525116df0473a5beb9a8c7028c04000431f491790fa951995095f1715185715cf5bea6edfb6ac3071e9db18e16f97577cc1cf260b6fbe3cfe5031df2c30c30d77af6ccd6feb6b10c4ff9f9878cc3e7b4e3a80874c462fd3436ea642c4ae33cf360822bbcf7459f19c78c3ae322684e4dd58cf3bcef86bf8e8777f679cdd4222d5c3393bb8ff9d85131bdf3f8fb00861af2ff0036cb051c67f489d85371e0763965004edee72ef7ca575dae2107a0483aa76698750ea0ce51e1e5ff004190ff00bc82f3406228ed7b0fdb5cc8ed7aab36292954fa5d42caade2bf1f75127ec277d3973ef6f5d428034472f99cf7f73800061bda328c3e36b08fb7ec43ba21133388cd1af6c1f7c81af97712af75a9f5bce29acc3f583ebbce559d236218e264cd7e2c7369bbbd2ec8015a1144ea52767fcf48f361ae35fb95d532047f9eb3cde001aca531cc7ff881a50ff55c80712102a03b832cf82ba6bc6354b82647df3a1d356b66f09c2fb37ec7b6f2cac3128bbff3dbbbc96a1fc9873cf37d3d740a1baf69946c78a80791ded171fa3e7f96487fff00026f533a8e1eb3cf9e6899e8cadb38e7cab1b3eb1800623818c21f8f161466e204f5d1db6665c196de92bfd18df80cf238c53eb3ce26b692f87dc3c0d32bedc38b77457732380b83c277e8d39528107a6619d01842d1b25f7659c030733b3db2f30c30439713b8028ce8c04b320ddfc071a69b09965c01784bd32f7fdce939765702943eea1ac49d3fec1aa73dea053c30dfdb41e296e2c97f11a9e94c7dbaaefdd12b92b8f86d57b8c100574322af480de7e951bfb738bc6736533fee2804a1fcb09978943deaafef5d35a7bf52ae4b1f3defff005ee276c6cd877732f0e330265d1ca5c3cd8414590eff00572053a0f207d1ea07ba28efb73ddf9c81193128183e1f7bbcb5f68bd61538c4ff00a0ada1b32b8c72bd1dc1e4f328007aec20b46b29b2880bf30eb3cc1e7128b04d4da54a260128aada8f7dba60b1dd227a65c8bcd6fc089825ac8e726fbb0c120b373b008de35920fc7fe49f8c730c93c8dd8cbba1a975f94a3541fa8d3f5041dbd3efd8d87fd471c695d0212419fea061022a3bbaa3bf8b8c2101c38b83cd20402b0aab72ec02606ca5434052bd09adbdc000028db06df32d861fe04ba16b9a584c1b4c4c71fcf92b0905d50aa1f9465b43158e11f3ff00fa91032e4e3f36a024aa1ddaf5f0a57e9a0ac4ffc40026110002020103050003010101000000000000010211101220300321314050324151136280ffda0008010201013f00ff00c0d4ca6288a28d25148d28a34a3421c194fe724d91814571d0e087063b5f2a31b12f4651b1a6be44570df1b1c5af8ca3eb356355f1231f61c6fe1c63ed493f83156fdb63f3f020bdc97be85e9d96596589ec97bf1dd636596379bc5e1b131b1c8b351a8521313ccbdf8ed636365899658e46a351649f61b22c948b2cb350a4291191658fdf8ed6c94872350a459a86cb35098d8c4c6f1659658a4425dc4f2fde5b1b1b24f29965ecbe344262c3f7965b1b24c7c4b0ca1a28a28aca3a6ed12f1f03f449d0e458d94696515c9451a4701c4ac749f7a1bf80bc1d5f03cc56291a50e0692b85566c635887e487f0133abe165166a46a46b46a2c63dd66a3533532cb2f31f2be1753f43c5965965965965ecb2cbdb7b1117f0663db7b6f85965ec445fc190f6537e08f4a4cff000ffa3fc3fe8974dc76bcd11e95f962e943f83e9c3f83e9c47d36565617c063c21450a91a84ecb1b24b0843cc44c4d0e48948bdabe0bd966a351a99a99637943c213351a8d45ed447cfc19aefb6b14f2f2863d94515ba3e7e0cc7cac785c51f3f0663e179431f1a23e7e0cbc0f9161f1a23e7e0b1f2597c8842f80c7c2cbc5978d385c0b0be04fc61f0342c348acb178de8424c5f024ad61f051a4a28d28a4515c0842f84d21fae88fc490f7d965965965965ef443e2487cd58b2f6a22be2325b6cb1148a469348a2561bdf05f1a5becd46a2cb2cb2f821e3e158d963631fab06265fbed8e45965f151451456fa1912c522cb2fda6c6c6f7d58fd1fd2c2d966a3516597e959659a8722f85edb2cb2cbcde6c44bc2d8914566cb2cb2cbe5b1c8d4597c8f8af7409bee2cacbdcb16597c363917c5587b1e2f961d95976c598e18f72286589965ed6c6cbf4a59b2f89224e950859888686b6d91c318b16262786c6f9dbdad0f962316c88b0d0d6d8e18c587843917c2f62c3df255c8b142d91166486b288e1e10c788f3ac3df5686a9f1adf116592594218d88449e638be4597c128dae34b7c45b1a24b11112788e1e61cab36392445ddf04d7ef892df116d68922386c4218f30d8b8162c6c94ff0098e9bdad6c92a7c115c09a4c4f7345121b2221e50bc6c5c1659290db79429d0a49ef7bd2e1ea79136bf62eac911eaa62922f64f115890f08fd7159658d8f091456109b17729e286b0d5eca285c164bbbd89b1751a17585d44cb43566922b121e10d6d5b9e68a28a28a2b1162eeb2c6b0d704698e3fc2871a44a4ec4f0d628ad9193353148432598f2514515c088b2497922358a2892adad8d9d21e27e193fc9915dcac514514693491892ecc8f910c79892956f7e840a599f614ebc89a7e0946d66f2a2423448d2bf4c92ec4bf26422691c77c11d4fc88210c79892e3a2b8e247c0d329a3a91b43426d3232b24b14ca144512287134935d87e59058921ee893f2404487989a70b8114514566b7f4d8d0d7f4a3a91ac2131245228a1222bb0d772913c430c650d651127e48e243c2238fffc4002b1100020201030401030501010100000000000102112003101221303150400422411332516171425280ffda0008010301013f00ff00e07b1c8e4cbdef6b6726297b0722cb7dc526722fd5363f82989fa86cbc17c04efd337f197a56fe427e8dbed5614576d3f42fe2d7a77f02b0a28aca3e9eb7a28add2121a12140e3471388e23582f9ef24247138891451c471ea28f412231271211b380e3d4e270250e84a235e8de090a2288a2388a234281c4e235d0847a897427121028a28a1a2502711af44f7488a211140511c45138591894714497423110d589158b44e168946bd1d1424462463850b0a1ecb6bc58cd58d925e890a228115b596596265962d9ec98d96596597bb35553f450564607110d9c9165ef783c2cb391c8532f7d65f6dfa2d25d45bca5b72685a8c5a8298bb2ecea25ba7b4d5c58fd0e97962d99c47067e9c8fd191fa6c5162161451c4e07047145228ade5e192f43a5f916d456148e28e2560848ad9bcd9354fd0e98b6a2b6a7b2783dd6ec96d48a2b766a46d5fa1d3f0216f6912d58a3f5e3ff917d47f4435148bd9eeb66c9ead2e887ad33f5677e48eab14b67bd791f9f411542dac9338b6380e34244109898f65b58df42511c1afc0a12fe0869fe58e8bc2c7f3d117696291c4e08e08e2962b0514ce071def09787e8749f4c531345a1cb06f6582672390de2c9f87e874bf22f80fb2c9f87e874bcb10859d60bb8c9f87e874dfdc2ec2c1a12ee327e1fa18ba68582c16d45147128addacd925698fd0256c42ec228ade8511aa1e37bbda7e5fa0d2572d9762225b5228a10d225e4bc98c724893b7e834a4a3218858bd93a3f519cd8a4ce639339339318b2631bebe8a336bf2458b178ad9e2b164fc7a4d376842c1e6d15d966abf49a6c4216ef04851389c4e038338b2b16326edfa48b22c42c28a1084d168e48721b1b1e2cd4952f4d062c9ecb07d866a79f495b222c5d84fb935d47e828ac1098989ed65ef65899c90df667e47f3eb2421317c0a1fee63263c6be3d14566b64c435b5f712d975932431fc9a2bb6b783b5b38ec9f69228d475121e09b18fe3d097c0d395316ce2516597925bea1e093d98f058bee57c3d295c77a1c4a2b7a28add8fc9263dde0b17f3f4e7c5e34514565263649e0f058becd7c7d29daa7e57696cc9ca90d8f0782c5f61fc88c9a69a2125256bb9395b2f178adde4b77f16f0d39f17fd09f659ab3a545e4f24f6783c5fc0a146c92a58597be8cff00e5f65ba4d9395b6f379a63ecbef509096d3595efa73e4b2bdb5a5ff3d8a7db7f0e8484b0714c716b14c4c8ca9da2325256b29494558ddbbec43c1498e08706562b67f068484b36521d23946eaf74c4c84f8b13bc2cd495bc6f7a238348704380e2cadaf75db5bac6cb2f19ab1da645ff000ecb5bd9a3a94e9e1a93a54b09cb8a64356dd48738fe05a96e9222ad6165e2d2290e3de58265965f619a88849f827d486a3ba7bd9a7a9ca3fda253487a9265ed451aefa4882bbb2e28d3fdc887ed19659659659658e447c12f193ec2c6cb2f7596aaf25b4254aac7d19a52e4380d34424e2ec6efa8c4b7b35e5d1ffa69b74da1cba758a349fdc47c224f64cb2cb2f7647c127f26f192b46bdc66452714effd2528f889f4fa9527113b43a6354262a4724724390d9f532a514694bece9fc9393e32ea683fb9ff00827d07da88fe52c7ea2171ff000d29798baa12b8fd8953fcb39384d7f28d29dad98f17e0fab7f7457f4684bece924a9f535a72afc38bfc9f4dff005b3ed21e4f6fffc400261000020104010206030000000000000000000111021040602031701221418090a03050c0ffda0008010100083f02f97d9bcf09dce4924926f3c27645d8f9bceb539f3aabfe06d8cf7ab21de49b4e2ae6b589e287d8ef4d85622207bb41178fb034f34493f5255f268f797f5a55eda97bd06c5bab177b18bb24bbc88767bcc9509e436489707ac41594a1f5fc0b099e215455ac3b5367d04f226cf5a6757c2a163c8f5b7d0a78be2b02a564f5b9b53c9e1c11af3caf0eb8ceaf2510542d710c58e881d22e9ae35e68f4271d922ebfacffc40026100101000202020203010101010101000001001011213120413051406061507181a19190ffda0008010100013f21ff00f9fedbc18df86ff70581bb5df76b0bb72886e7d4b83dcad4f721e97a7768f58e9fb1ee5d4eb6ed0ba0eedb564fb9d5c30bdcaea1e2f5405d6008358d3f7c262c15b3b9b8809f7fafeed1728974fa9037d2da9df322e644a333188b99b3bb646d9597e98e785c37fdc686378a6b9bd8caeee8995b6dbfd6376ef493bc5cfb9ba08980eb6e6d6c9bc04ead6ad9b8ee78dcadf182180cee07b9064a1cb126bb9bf9dea50db7fd8fd4d4300fa9e653892c56edbee17bc55d4e027368352f1acf7b8f49ae1b9b77711f78d1bb84b47ddb48d6d1ef085ef803fa8ac222f7a6feb22ee1c36c71381776e2ddb256b645bbb9883cddcc336e1dc33edeee16e223c758dc4f768f501fd3db2208f90e62e5b6ddc716f89d31196f77bc30f32e705e7075e03cda3ff65b79eb11d2491b49eb70b090f733de281ebf4c6528e2e5f33beed96ee96e638df5e06edc399ee1b7e1be6eed6f78ddb88e213704737069ba771b4dcaec9858fd29bbe88fb5c7d5bdc5bc6b73d4dbb73e05c93dc3a703aca9703706d5e1e1be2deadc7a338d6d0ae2e46daca908243d7e92eaf7b2b33ddbdddb7071704c67831a831b9632be5bc10e07ee62e9c7acafbbb9ea1bb2dc3b6ed4fb4d02dbfa2ef05fab4de6eee716f73d637cef06e396785a9dadf8ee48ef0e0c6e31bbbc130e121d43751cc9ccb0733749746e06dbf45d88779ba44d6b76a667896de17718f57af05bbbd5da33ef2786e71ee21cb6f51806f1d5f4c06fed6dfd0f72deb4cfb97736f6ea744bc61f84f81e0c78ef2f76f239107980f52bfec7781f5756ed44239e7f43327b4aa2d995bb5d3de4598efc1725bf1de5f3ebc848ead45d5bf77782ee3fb6b0d3ae61d43bfd0376b2e512db2e8883c839beded972c677e3a9f023e378724f70e77a948b7817b88c71d4d4cfd0342ed0b6f831dbfc9bdc7776d63ea70773e1abde3df8983c5bacb7ac1dc9751c96ede1ee4d3970ff00dcf16f716902f3fefb8c2244270bcdb3ac0f76b7ccc63d635045c6a5d5ead64c7b930618c3e039ee13b64c6e30637c6e588e5a6453f78ff7b69ce797b8e665bd90df2df4b93ac68c6b8ba2e2dcdc6b56e2d678cfd4dac7af07067d43a898e19c74e0b8dcf10ea494c5c4676b3dff00bc00bdfb4ee555ad170b7df4975c5c6b7070c6d6aeed717bb8d61399838b738d5ead7387abd63d5af11263596a4b58eee5702fb174d6ad4469cc30e7f92014e22e0ff75843cc872cb71e2def9b98509ed771eb5740836974870b3b05c86b1c479c0dbbddef0073abddd65c6ad6a4e31a8c6b06b8b56ae5824470ee64df627ec8d31cf126a5ab45a1aff75ea3f5cdb9c1fa8c704b8b77587abb2dbb9daf25d32e771eed1c5c2d6f0d439830d47726087125a6d98138b5ccc376b26e860c27599ab5c61db8f6235ff8c7186fa6fb7ac37ddd3fdd3944b8d0b7b674b65f707193e6627eb1d24d1b8d2c438b50776c48f2b2413d5ac02d6e3c4c61ca3cdc6e58f05a0838c8d641ddd36dd8f52f528f51c2ff00e975b19c41bbaffb6b6a573571e98f720352db9ff93d7fedea3593ddfdbeed731a6a1c416b9bddadb26a1d4f73d6d4c4fe20931af78768778c240b50ddad5abb18756b07816b8d60370ee68d18d5bd86271b65d1fee2fa41df587a356f52f3768e24baa6062e4c10e6ed84cdea384edc1304e0eed45c96b268e7003ab52711cc300e64b5ce0c1188fabb439c5c2912e33dff00b80a48db6fecb9c0ee277adc0c373ddd20e7c1087181ccc9b7009b52490b8861c4b6dac0716b87178208711e268439cbd5a9e56b58108c861dcb89fee7d0bb33d17f6dc1093b59bd3ce030866f789fb93bb56ad4189334c38b5cdd23a8711d4339ae8938b4820f00705830e06076917dff00dce45c56538ed9bd4731f00640dcf6b887308c0769d605a9b7604e617383961c6b01a85ab86d5b2693a6604cc1318e3396b05a5df998f0ff006d8576496ed709bb86a3adc752edc6b10838846124cdf0889805ae6d24303069b44ced91c530c01cdab516ad600c24933f8da9923b8b7d9c5a71a3fdc2aa1cb33cb37d5c9c1eb008335ab568b95af334d61c190623060cd8c728699c07c0356ad4c490c6b3e18c7982d5d3fdce0207de47313cde8c0c104236b00924c0f308438f110620b5688e50b5112d5ab56ad5a9230cd612e3b437b9e2835fee8baeef8de020e7008ee08460b56a49c832d642430388b51188731b586d7938264ca621ce25ae5fef089b624e0c05e0b510870dc65c1832644c96a1e00cc438f2e2524c99dbddfca27096b0db0c418b9ffbdaed7f130f7e10d7801c5c723a41b4b712b76fcb5e01e20e08b4b5b59fea4cc6b7bd46fb2073ac25a21da5abe3fdf9a9f580e71935260199712edf780d7107dc1f71f75a31804f223c03cce971eb1bd4644a629b766275347233f4c9e41c0369ff00a5d5fef0d9ab8e92f65c45ab525a824136e55bfe42c38b6b78a37f730a36c23d6d9107c9659e7a9d1bd99e3bf73dff00dbbda3038f51cfaba5c375e20fbb50ba622df871b26a23aff7c9dd733a46e88f0c6ad600b631ddcae96e753bfb9c6ad5ab985de0271dd52b7e2b8f525b09e2cc33b9ad5ce131ac5d11b5a7d4ef80fa2d653ddb64f3b8b1fef812d83ea0e10e3e0ba9ba441e85b4bfb9addaff0089c5bdac09c66f8d4f06e1f12d6237abae01d6b130180846ad16ad491b8b581bfd08080d41a1ff006e8cb3f7b47ab58fe30d27c05ad7c7ba9705d6188c387d5bb174cccb06f01e04699ddcc1194e23a5fa12381ffb7acee4ddab56b0981835cd54deb3a9f803091c0104cb30f3a62d5a93c4f13a875fa01da8bffddab596d64c102d60d715c0d436e1c4c0c8c8ea5c046d0b47855c5a927278bca96c7e8076aeb635e2e082d848c3f5367ab5f79d257b274e4d35808c221356ad60e0c4440c96c3d4f498e9245a5bc9e067087f407a873f171bb76a4ae847659889fa4d1fbf102f4db8623288215ac33936e497bd97e96feadd820bb8fde1ebed106223063b2e796c3f40e6be2ccb2db9cc2113aba6b4b6cdbed8e583dae2f7ab5693e01b5046310c0c16ad46ed74fddb5d386ba92d756a56bd6bbb5dec234891c441e0c34eeaff007db63e09382c2beabdfdcdcdbb9bd2c9a6f70bbddc316d51cbc5abb764ced10e41330b5262e74e576b46e2d26d5cdbc4d5a5a9d9dc7f1e0707976dd5feff0074f7f0d604ca4ab7b6b46b706b6887168b520238971a16e3885b7a9e56b50878266d5a9372eb2e1ee426451116988d9d0884247a94c648181e469feff74f6c841839b0cde30fbbef429dee4f3761696894c35b41c5ab50c09f1333e062b35bb70dc3b8fd7bd1ab7bf50f08d7210716bc8f1fd0b4c118d49e0063467d193d0ed92756d80b8f5908c09c3e096fc3c925b7b23f8b7f4c378d5ae60cebf46b7e9c11e1a9ae22ae4c1c045c820ceb04465f16701bb16df503245d64d7839f7fa17df823c75231638f589ae011e22223e1d498388c1ab5e4dbfd14efbdc4464612d4983e01af31111e1abaf2d5ab5e5b8cb6bf45bb27b8c1818f26d16b016a671bc0c116b2cf9eb260776ad793fa27dd7660c1818788f271a999970222213386d60393cc3c37e4fe8574bbf25bc8f9ead6196572e25b87c078b787078620db8cefe47f44869e08f023e1673bbd63c78169b913cf836dba6189bc9a647c7dff00423ce4c1931bf2659cef6b0ce461b76fc756d94311f131967f43ecc08f13e0658940d64386e26f2be0da1dc310c3f1b967fa11db9ee23c0f3de16720e15bb78194e12181ba44a1f877e7c6393f41e8dc1e0cefc77e0ccccb26e580c30dbb7334819971856e1f958c7a7e83b49738233b8c170f8b325bd30e00ed9a6de986186dcb10e1ccc72a5bb4e7986ef021c6e1f8d8f3071fa179b576c96fc86df8ead4f9c33c21ec9502ee2ea5b73adcae26c821b4719e0184796f0f8b0e70747e83dd8183064cefcbd5cacd356d194bbc4e8468bbb9c82c0ef768c1c1f03e2c8da3f42e47888c9e3bf0f5725b67df112d15a4e26e86d2d266b1da302488f2df8b81afd0dad21273e46776fcc4cd2d70d5ab5980b58d5a83ca7c6c39babf4360620d9f1eeddbf2d781e09f82ddbf13b875fa2f5869f97718de376ede0731979ef0cfe8a2dbf9198fc7bb78de1bb76ede370c64f1bb76eddbb76edcf89e7ab47e8870c67e1de376eddbb770cb81861238ee5ceede772efe43b6ebfa2b31d90f95bcf71871a105ab33acd0b13795b76f03ce0f883f4370ccc7e130b3bb76eddc20972dbd626da95c38dc7de03216c85884111f016afd10ccce0cfc496a6e18846a9eae6ea1fd43fa8dfb23ddfdedf080ef30beb1352d8f56bab72528b56ad79ee63f44670cccf72791e0ca799b7e1cd1b77d09e4e2e34f1bae2404e518d40c84e51e27c4b51fa2b9666492d7c0cb86a205c1c2257a88e1771ddab5e0b449825a887e0dac7e88cce19c0da617cf72cb8d4118dd8ea2f78e2dc380b65bb7e0d5aba87c4fcc3a21fe63970260c279f35971ab59de05d6dce25247dc9fb88e79b7e2e351e5de574fd1b6c35b47854efc37e26756a616e6ddb6776db6b2883111f099d2d1ddc92c8d7e83b63af2711ddc9764f885af2d790181830210b5f191d7b96ede335374ff00ba2634f16704e1d216cfa2ee73af0d5ab59356b05ce22988850c6be12fed6eed8ee3c7824c6a70e9ff0067ecbaf2672e2316e90c1d782d4f66420b58698197ae4d7c9a5c4d85d8c4f9cdab5935feb4e356b2b22de1c04301e49ce1ea106cf04860c181c96ff03d478d418f5e3ebc359d49fe8eb76bc3909ca44c6667b9860d1a6e448e21c796f036edc36f3bb78df86fc9b65c3c2a79c47cfd793820ff00206b76f9ca413c18cbbf0751333dccc96d67d8c72487111f3ddbb76e1b78dfc8b6cf0039bc10e6118c4f3d5ab4c96a0832cb9d7e7898067568b8c736ad36f2670e01b6d606192d5b8bff0072eb246c617b8c3e23116f3bb719df90ed174c0fbb753c5cd0c0c4f89c98d5b6420b49a9f94ac5d4e4b5e2e42c1c38863509271a92dfb9ea7c44e1e961c6bcb76eddbceedf99b23239dbf987180c475f20e08f03823c13375f8a26120b5f2889cb26dc6a70492d612de3707e99e12d487702de756bc370dbb76f26372cbb83339dcdb4cdcf803e41c1e0bf11266bf04170903c8793930e5c1864924931a92e40ecc0c31300737e1ab525acebc58cdac16a582c8fa7108c7b3e319c197e63547ca26fb601716eddbf0d7c2461cb82d6130ce5c380fbf11871d5f75bb7f16eddb99a58c18a581dacde6878181f03932fe03586be1db06bc356b3a7072659c11870e4cb24925aca5bd7f3c4d61ac002de378ddbb718de1cb8030ca653b4c64046082fac0f81f848f9359d26ebc030079ebc1f2672272e4b59492492d5a9205137f0971e098707243b4b5b5b5b5c54da88119594b39ddd9d0f00647c0fc247cadbb70f81b7ccb3e2f809c38623c124924b526138ba5ecb83a631ac6b3ac68c84d4193c16597077205a12eac0c9c1ef03e04f84f95f37db1f39c987c4f8381870ce1c6a625ae27f557146756bc356b00f03c1996594eff888878f008c1ef03f0023e570f804b5f8ae0c9f06230e19999ca71105864450db871ab56be470b2ca73cb68a08f10c04182d7311f16b5e447cefe29c1970461cb91870cdab525ac1cb933b238e1c11f09e3b99665963fc318350e3073064c7b8f893c88f91cb83f0df17044b96623c756ad5ac1c49e1cfa3fec7c5af074b78dcb394405a720b5c600dc11931efe427891f3b8307c278997c19c8f07047c1ab56a485aca134dd7f4c64f9599970deef082d5d623c7ae27e52781f80c47c661c997c1f806d47ca2625ac0a8cda1fc1666d1969010416aeae01860fc106b047e091e7a9c986704658c3e0185c9184115d5bf0373866d5ab963b3cb5e2f8396d5a08104181c306756bf0834c47e09f0b3930e4c3397021859c6aeafe31037536b0ebe03a92d499124b53afe0eb2e05a824d663c9d98f99376b51f82791e0e4c38232f81cdbcea413f6af5d4bddabffba7e2e9f06a49224d5ff07e27c7506102d60246e8da830773836a3e7d7e63930e08cb963c4a16ff00e186573ac7103dc0fc9a924b50ea9123f0f481f0d5c8440b56a09bded418ec4eb508c173617ddb1fcd3ccf17261c118673af176e0b5c8af4455f2e9bb8bda7c9a92492de69dfc5acead8c46a082d618f3e0f306a0f0882f70bb950dfe33382266230cf83878b7ff8b893e1870eb8bee9d08fc5ab56b06d68e3e2d5ab57bd6ad410675b20efc358dea2f7e1b80afef844b67f86ce060c64cf8bf49076c8f5f06ad49e084e4122d2dfc290a6a6e0ebe1d5ac4682082d6161bb57b5b771cc780bdf82e1c0a40437f48305f818fc766ed833e06ef1b9facfd9be9957bf2d7880c6ad63530fb56c362d241c4dd7bf06a3619f5fc216b4426b0ddb12e8b96f06addb7eae675f724b593fe70ccf983ee3ef0fdc505b3f21f16f7833e0eb6a61acb99f208c8d5a849cc5ac8b704eccb61d5a18f771c50aff00f5c4ef67c06bf72247c758d5b39701e06d3dc1bb8a0704828c7dd7f7bb94fa9ba44adb3dc70d4cce35f008ca530d2d9f943167061b7f515bdacb8d5a8840c9ab5093c8dcafdda37fbb68dc07363996899e6d4782d411ebc93c3b59d4cbab49036ede5d1d0f32d6d9246ed0137d813ee65deefedcaf2c2470484e356ad5ab56b1ac910b50c71bb7fc9737061c01230be4f902089a924842d5acb3729f57378df15238dc2707314dda639cde3c8008c8df58213d4eee2c27ac353198ce09abb6e933471a703982757df0c77704c05a92493e400052ea9e85c32f32dfce7c4e6e0c3e0cf99a0f16492d5ab56a4924d8da0cb766020d8a4255ea78b5919cff00eb82daf126244257a227fb10782c44b041babfd97122e037697a8eef190fff0071dc2186493e3000843c19c986bf25cdc187cb56ad5ab56bc99924b56ad498b5698f1186c8f05bdbe8eeda3d4e18249a36c25a646378a26c7c39683fa5bf0ac24fea79b58bc2e3984392da938bfe087897051e7ff63ce21c6753e01af206ad4478623e563e37c0c61fc14b52496ad5ab5092de96c8b5e96b7ed6f93fd8435bb788c84649b5ea76bf4dfd46409a86b5b75a30b381b5182f081ff95b2b717ddba37fec9c4dcf56b174d1ce23c756be6b50f98fc8f818c31f83a924b580b5805ab7fc777217bb673a867a991e3f56965a26e00e996c831c2bd44ec7200c386b30cd7151da5ffd98071aff00f2de424806ad5a6eaa3cc7f1648f07e53e0630c7e16a4b59d4216addb7d5c87d4eacb893d12d77ab5a316c1ecbd116ad4af0dff470cedf04f1c0a61dd0775ddb93ee4591aa5b28eadfa75d603531d7fc23f8ae97623f29f331f86c9830c31b083616cad9dd6e0db7965f44997d842e2beed6b4e9ba612d46eeb3f1f6dd3c2d5bfd276e3addbb27f84ae8938ed70c4fc5b97e598f33f11f36ad41b895ac660f85c4e49ded298e39b85f49ec5ab526385a1a7bf89e962bd466f46fbe3e8b8075f59c8db3fed0e47f67ac4fc507bfc1ffc4002610010101000300020203010101010101000100111021312041305140506171816091a1c1ffda0008010100013f10fe36fe2dfc1b7bf2ea624b3e23f0db6dfcdb6fff001dbf8f7e3975f0de4b3f23fda6ff00487e0f3ff8fd387f8f9fd16ff19fe9b7fabdb7e0339f338db7fbadfcc7f41ba43bc69cbc1f9b7f92fe5dfee378d7b7687b949b74b4b6380db16fc33e1b9fdd9fd2b6f53689009010b8923a9a9d31bd06de26984e9601d854b7111d777ea4091f62f763b71a81e8819ac378db1c67f337e3bfc5dfea18d470702facf5ddd249ab7bfd1067e0ee463b85d43e4355ca22b51bec1f7592c10cf8e31e12c41b0d555ea265ed142ba45e332587d3b9875af967f69bfd2a2ee3be5b55c48a2bea35dc8ee5d074f2deaea4bbfa8201cdbed7abb9d2f16e0e81ec004fb9b7ac2f7b21e969faaf53134b3bc9dee1dfd5e91a5bb89d433d9aedb1bbc781eef195be9887e1bc3fc17fbf79ea77e9b72f1ee05cd4723ab60c9766dc8600bb9dde63ee4a958d7df2cc71a211be00f09003bf7760fa945cf23bbf72aeae906631937ceafc81d1d2018c0f1617d4b6b416c8460c05bd0fff00481eae67ef78db4b637ff8dd8cd6fbe261bff14ee3ab7e296d5d596dd8862fcc981583dde211da54668c70f50c7db2a1c35d9264d1d91803626ce6e84d3360f2759bd4bdb336ed19dc21bd1883a3b85e8e74cd17519db29d64d9059fd61fd1997d1114346fd2c9cec47c951c8696cc124209629c25073a87033bba1d9f032cea06dac5b87ddf43038b0e8584b07325d4648ceb20eef7331ac9f42c2cd1d95dd8f96bb474401180845fec69bfce71e96df73076db668d32419b6b37da7b1dbea36bc6ece2d6240b03b6fbb057a4e161865fb2ef7c9d21ec6fadec8ff534ebf51aba6147087d12ed123ab72c33e446dc2eb18374f24c0c46b61a686c1eafc99fdbefe26048712b1b09766c9c76f027306eacc969746ac76163ea3b65d1939f1b6966e128eeb63d7eaeae061f90e9ede90e33e91003b76468b1881ffb2fa98bb202c6ff0001b0f4d8a0bab1cfd86eaebd98842122e375908ff427f499ce964fb93214bee4de9c830392c13eec775bb6faa5864e67b24f42c0ecab384db92e93d070f0b1127aadda18dbd750627029975461666603e25b1b0a3bb3f65aed1fa33211afa83f73f63ab275dc33c9d7b7dad9e9756f4c06adfebb7f91b321107b0a84d2c4db5e3ecfb6c2a099c74816703b66d6967db3eecf76ca46777ea7cbb3a61ceacde073830ca12d25dc9ee11c9d3b27df7f72ea2f56bff908a2346113a873209decb717612024f89b1475af658d887b0dbffc1a097e64dd043ea16c8ee8ddd6f5be4b21e6c2749fff0027ef34e0748c74d85648966e92f70c16180fbbbc31e1bd17665c98fd9e98e92f88efa9638c764c0612c0884490eb47a6594db1993977932387d2782d2ec46e8fdddff62ff09cfb9f624d5d25dd337beee8819d30ccd67f433f115a87311935bc17b658751dc86dc6108ecdd33114c772a0b45bf7c13c6d021e88cbb1f1bc83d367cba11971cbb0965b3a6233dc621bf76b90cc715014423e8eb3e4dd1877fb6dfc8e279da0365d7dd65b400bc107697eef694b3af2cee60727ea5b15e07b3fece613c86c07a87b96126d1f678f2f041a5e32d1978c60c22c21c23b8c43b5482975a912608c7ab0ee587823c64bab52703fe1791ffe0559ebec2a94d0ca6c1cd9461eb3d48edf563cfb9770c23e8978f483a06ef78fbed8d5bafdcdec2644deb4b511bb6c2b6f51db2f77dddc20dbdf23dff67a61fab3ad241933442b0bdcf8cf270cdc0c37fb90f1ecfbc88e9268903c14fbd9a4beb7f764bcacd547424a0b932eb0671c158b74fd5653dd8605953dfb9f76ecf73f6dd6724674705f7b3a4e8b07473bf763bbc37a93bb1a2c745deeccfd5ed9d230e5adf2f4d2cc6ede40343130f9b263b2949ec3de201d80e498cd77c17ffb2e03ab62d3fb241a7f38fe26fe1d3e0c4ac03a5d7e04fed8345ea79ebcbb719d4576f938e8858b3439f71d4bd5a5900090ea4ea0e1b3acd2dd5c3c0f65d19e9643b06acf92f97ade8b638b32d080ce4dd0678f10e8641a7a474b23bec6d07af21eb647e9933197dda5e4363bf63fc4a7b48501c7dc7f6dbf814a358f2ffa9636f53f51a82c0c7bfb96c3533a2afbe40dee54fa8f4e41bacbb422633e04c9c9fa5d727a7261bb61d3619b018eafbd99bb7a21d6d91d4b52f42ce9b08ecd810d2e88fdd8331a12999ec7bb41dfa91d4aa7979ed8d23a222f5e5b4bbb0611850444cf81f80febf6d9648f6223681bb35ec05edd372c3a09015eddf4e881a0f09e1990dcbd19235308d127abd69e4a07d9f6e8b69d58d3997db3dbb78b3164db3b9bc2d2ed8edfb487bc1db0cbd6f1dcf8c0c1d82308c3a53c92997b2d6f5769081fa6c22e4f86c1c77a6fb6bf346c8e981337b24cd2670d994b193cfec77e1bf81c9de76d89de0f8131ddbadf963b7d6e8cdb52b76eb6c0421b9b7f8f9785fb6c0b0508af9580b0600beaf714083a4f7c239e497423bcb7a440c2b610fbbdc40cc4b324cf6c211d65dce14ef222874234c3ea63e11d45603b2c466764b18cb41ef24a65216e043187d31745f6c2689a68d4651867f7c2ac1d4f94cb646359094c1d9f09640588d764278783478581e1edfe30b0012c43cba7acb56c1ad993a909fabd1dd9b89373fcb4303b59aee4dc2ebabac1b93a900d8189bd36eea9269300ab60bdb6f3bb416d3620c34d2d9024f690951ffa5dbffef204f09844c0f6513b77c930b28a4874fc8ff25fcafe200ac63e8fb235f759619ccb0e8b7d9678591b20e9edaabf57767d4e3afdde05b9e45a27eac1471f27b68750a9708ed6aac3dfb867a77607639370723ed6483a4e9753ab1f6198c58d6dd246d9325c2d9bcec986cc291bd5d696cc9d68b49e744921f763fabecba94eff00fe0c92df19c11909ebfb27083fe27e4017d2f1f96ff69bc134bf501f421bd07651fecadb702ee3eb2a2ced45d96fbb3d664392ee9dfd4330db2acd01fd107b7ee306f73729f51c581864b089fa87104fff00671824230e5a2ec7761e4a5d10bb71b6776a20632dbb75083f724ea4c9d99181b39e368447d32659e37ecc9d6a9167d367fea6faf64830f935ca81fa8b9e32d29fdde12ef3ea6bb00eb985d0d07426ac2f5ddbaac4ebe089ff00b983d3c2c3abed9ed3fec9ef07428ed50dc1f7109d072c3b4818bd446acfa8784c20481a8c4548a41e44d1cbb1be46064e423f68ca6d180f08ddd6ea0dd02323a9fbc6a977fc9d89fa93e97b63ec634a26976349707d21fd85a69ffa4a53d3a5bb3488307b9bb7c8fed5fb67577cbd4c166891047f776dbe2744fa0b613cdb4ef6503f73d37ef64800f6deac2b7c97fc6036235005d5a454bd89f443ff00a6ccc05ac3fd9b6c7dfeaf4d90393d611d6d8ce3ba9381c37acd70dffb750cfab5be59c1db845f4eff000bab9ff1c1b090c2edd22eaa59dfc6c2761b169f2cef567d37fe0a0cfe897f8ef7c7830ce5d177de3a2d1feed76ecba6d977f6b0e61f45800facbe9fa9ba4f43fab4531c56b3a9e418dd04e473dd2d49fa92185d0cf41cbc2f5031e143ff00cb5d80296a4acf48431b07cbdb416858a3bbaebeec0de0521bdd80ecb43e494f2017577267b6e4e6fdc176d74b34765e48eac94a9a7f75e4cbd4ddaecfdcab92a6a9d6f0015b2e5884ce846e2db0752a4dd3605d8d8ea0fb8e0c6aaf1619a895b8b491897adbb209c6c10ccdb55fa09371d09ca2398d862b6f5144244642a32020517665df765bc83ea344fbb969f5657a750636fc8636f4e3e8b2013b9fddac8c6bfc16fa59613b40253b7dec7091a65fb2efcb2d72f16c0b66dbb104ca5b2cf0baa1199c667879c0ae47f98f7b077b145b189d6feede1fab77ff002d4e3a9cf512d6dc178fa2cfea14f56dd58248eb6165d948390ef2dc64cf380db7f0949fdac3669928c03d88783123f09fd8f8ead74f7219c692e49ffdfcb18dd55e29d37004fb1bbb0bb2e871eff520496eb7f84802708d2b87d8e3bfce02f1f7d614f18df7eef0b5c61389ebca83626f046706527503c249d90bbb030c90fa9ee20ee8c3501dfdc00945f7f999fc9df9e60cc6c4c2c6b2bac13f0fa234ccf0c37831f4bb08fdba93b7203e4112e467727aead0eae806411da69d864359690878901e5ddc0e9ba495338fa85f7dfa480230dd88c307782a17bcba24dd936ef0b09bd46f4ea06c7fdd82c1a7d49db8fedf6f7e1a90f5afead63740da5ff2f57740210d0384381fabac8d9157387a7c8ed699d59753c0ff0089e96df5678836f574f760459b0f2fd934be97b2eb89d56774781dac90a7843bb348d248d90a44f8913a931df764d83efea3207f78c9c3b278a7763e223841e0f5e72c1f853a4199d49926101781d3bf202531b67ce68f6ca058cf6c24776ec4ac120bb48e0272d0ead9975bc07065975478b938a09627a47f6dbf3fd485d55f76d72c06eee5d320ec8c4f465df365d044080648b4b49eb3c5921b7ba303844dbc16cddac48c1db7eac3bbebab5addfb04fab7ab2c2eb67b422d703ee1f02097747f97dd65eda444836d5a265e1666e3f987f42fb443a060fb620c762dfbb62f72e77de4fb10113e9925abec0fb5fb5777b23a977067145f706c690e92110736ed0bb4752dd9e18d9edfabf6a40d59c7767f7d97d3800f8e37635bfd24238bfa90cc0c419d4964c4b42316c7e7dc01e9d7c8fee33a6dff00a1135ba17839186dd9b08d71a0321e599ace9651823bab8ab18f631e37b555e44293da378e447b75f57dc5f525ab11632dcb185d2c887b59466cae7a5f4b56d5c492f67e97b8a07723b00e8c62c771d2cb77e4421b2492f1105bfdc2067ebfbadf86fcc4c7564aded32d7983bdc1b18baa01d9090c25377ab762b5b7375f38d47dc5e2996edd49188866a21c87b23dd3621d9b3936722dc7971d29cdd9d2cf44e31dab6bc7b8b71b6cc2d9f57ecd43a342e3ac2c7581b1b3aef6d4c096cfade31819b75081cf786700512003f5fdd67c7b4bc7575c08dd3b3ef8c4bd2dda0206de361fb461200664ba21edb03fa9ef80a1c06ec273d60ebbd480dda1c1cdbac7b311d812aa4176dc3f765044b1a435b2353b8cee01e4d79e5a67a160fab095a537e849de9dd1dc964ec67b723fbd75a4a3193aeff6cffe139387061d6ea2679bede2d18c3a95edfa866d670b2fb323cb47961f52fc48ce596de06d007db661be8458113b233665ea520d1b6320f70fb31a2010593b88abdc07d48c22d621d17eebaba20fea19f526f8d9fd5b4ee6659aff0020caff00439f9778dfe0be60b30c181fe709133a205d72664217ea0e3ef203c21b3afa9ed3ef0849ea3fc5efcb7a43c99d241a5813a79b78b713ee6ab1bd8f2318cb0861003241e1c6f37c8ff518fab31983b36c212fe8bb721ccbdb647f91933ee3c2dfeffae7eaea520602491ba7d4deafd08578eb606484f19d3c949361bd58bc90b15dc270acbb31fa8d18717a41db1d972567f6d43a82016049f26669751d5d387091efe710b386d946f01964bb0e77771ffc0107eb21643a874e0e64e7eac3d48fa2f25fbb3ec636f1e41fd5ff003cbe2b1337b2c60e408cb2438e403d4dbca4291e02eb7db124f2d63887fbc3fd92af127e10328b22266846aff3e07f033fac003e659f47dd99d70c93bbc9de1b93d898cfadd36c8e3c7d010fe8b47d3c24f95d1e5ecdaa3971ba24fa631c1a02e8f5cfbdb249fde44c6f1dcb17ea61e12fb497de721900fb2de7018f8095d878da35fdce7cfd25db826cd7839331b7b590ea598d50fd5ea0417d2f4e07f590f74f39bb5874720318422938062c8e47fc98b9bbd4b58c41f6deb427db3d8c10cf6f61bc56929ca07d27de10e9967c4d9d43208695e1f11b45fc51dfc59fc57f1bd8ce403ae19ce0fab09eec1616c94b68ef34951b12fda5a13678deeb9921b3a8d8ee7c8e3a5b34eaff0018efc5b431c19c0389f537a9253d087a1849b36d7bc2e92fbbe4c102489f5644d68116d4b503a59bae901dd91b25b52c082ce0689773fddfff003ff033e29f8f7f9eb0597f4ce09248e71cb815c4a976a0c4c68253fb4d82c69a1b6e16da5c6ce27d4c6fddb2f5bcf1185d72f10471ea1c4f6bb2eadb395de4effdb02b7c5e40f3216c03bb7e5c4908581ada0bee64fd22498c8438c39586381fb6181fe7c0feefa7fce7b01c66ce8ba2cce48dea2ba8df78b281764ea58767ec649407c2c730b1ef109102d64dbebdc6a3ab48e44dc43a21d3637795d4d6e99156c767a7d8baa3c04d5191b2f5c342003f2070e4a2dbbab066658fd708ce45924191a08747f74fc46ffc229059b745fe3218d873c813cb23d5ed85b50fd3a901996c06459fa09ad436707508df2fd8c8c2de79ef3f5839f09b7b846cb06ed644e6259aef71bfff00059f407bb677407416ba0a03a8eef72088c675c338780e1e16dda3e3bfc43fa64d1276eba7810e19c0e07785cbe4bfa86b8c13b59b83d43a6b05d81c06c2859defcbbe40164fbc9259227d793cbc620c844c77923b0f27cacdbe60ce841fa2ef02c5c021fd416707d9997bbcbf939f8de1fe5360fd31c044593a821b6ec81d2409e5ab194bed9cb42385893e37dc408c738e4f0cfa9238065b42eb7f94c0f19fa4dfa53418fd381d20e08f0ce4cfc19ce707f31fe33cbc31da3dbdc2222091bc07517122ca1200f387d190070b64fc11d27c9249867966a4c483fa8a20ec1ce72b27a7774cc9f7f813e07cdfeb739efaf845ea5a58b206cfea19363de4faeaff008e04267536f1eb08de0b564924849ed0893c7dd927823ea30fa874b782c79789984e88309921d63f8e707f4e37fe57a9c0945813d78ce30e013483cb378183252dde0c7ce0f709fd2490630d8e98f2d8ee386258849dcc9de0133ef2cf1d097a982f4bea3e07e063f95bfc2df90d0ff2181fec392895f5c3a70333c64202c4beb21d48d6dc782dceaea5d9ee1792c8e4260bbf2d184975166c84c0658241caf0ddb66678369ffc07a5d74fddbdc792e889b0d95b6af0f0c6b96b66b0ba92dc7893496c8dcb37b8f688bb0836af4bba22b65ebbb1612908c4b26f1d2f536cb78b748c3e67f728625d3a3e0101c1425d70fc12458d992a42e91065ac3e4fc900b0372d0dde3a986d95b5cdb62ee810ec830ad2ea5143db6d96deac0bde127c9c2f48f99f2dfeb9f928588656ca318c25b6c07e018ef0b8bde54427f2ed805d187582cd2deca7bc77bc98f6c99997ee41cbb27d580ea158319f6c38c23e14fdd92f5c11991fb8fcc7f2b3f88fc581fd70b5e0465891add2d895d23cb192cce0192bb07d59ac8e1c26a2b46e1253806f678746e252700dbf1d99ba9756b92cbbc87cbeff009cfe2dfe4e432e88ba49b62d95b1c643d5aecc50bafa2dbebc7a716f5264e18eb0218e90f81c5d176d891617246d3803ee165baf9367778640bed9b86783f8b7f39c6591fd277a3c0511106121b4906770cf9d30efb23c4e0eeeb76443acddbbbaddbd728574583dd87acaf18d474e31a7093fd2db61b796ceb83878f661812dc47e21e77fb30fda64d6fbb0cba9430d9dc96432900b38ea6d47798bb6c1f85e5c47956fbb912624e8da6b00435d08cfdaeb91784afd4b1ce21eee85a4273b7fecfc1e3d0b010e9f963f1ecb2cb2cfecb4107a84619c4d63d8618738556c5ecf9931c8b39b7979d9366dd9ab657452eb4ec66c1984f6da2c10fa88fd9251035b52e8f850db0e432c2d86c672cb3dbd9ce9fc95fc9dff0029f25b42f56ca1ee57913f804b786093b5a43f8f648fdb67b68c2362ddea435246ed3abb60f043ec273e937ea46d8da7869a70e63b2883a88783851c337abc58bbbdb1c1f833fb666388f56daca4ec2c32b61e37b8823c1241544512ed070badb08f23f458fd583e4aa266914e7e41fa94fa81f510e34b27937cb6dd8b7198b1c6ca0d6ccebf19f80febdb533db7049377d444439286de438108787c81b5bfc2ff0038246626580fa822ce19303b08c70c3850c30db6f3b6f2d04439088f89f8cfca7f31f83c0fec9c478e7030c30dddbc690888418619b3821272084b25f11c86d9869245b090db63388d436db3c41c0707cb3f827f50cccc759c09c8c36db6c30c36c2d9439c3663c1bf0803c636db6f76db307e48dbdcae7503f71c7acf1a3b1fd9efc308fc2659e1dc6ee793d8862db6d8e41b213a323adfb4d66913be5a4fd97bbbafa98fc73d0bf59c31c2e1c77ab62de7b3647cf1f89f937fa0eac3e4fc1e0caebd2117df1e470b0a44deb806674ba9226c3c36ee82d36dd0c481976dbb6b3c436cf7806c4316473b1ef2e24309f3eff9391fd0b32f268130df73c8f3b132e4a2f2430e5d4d45e2d9f5b2d8a67d82f96417b1be362db6c6dd9b4c8275bcb66383de0bbf6f1f13f9bf5fcf67832e4ec90396d978383c0c3b1c24263d363c195d6da7aca568c187433bee7123ed67594460b3bd8ded655d70ba12d24dde4de4e088ea1007f08fec19f8836c47878278226d59c329a4927d91be0c9e69b6f4b5fbbef3bde844d2e40c01875947f73813b25c6a0dd3a80baeecb0e91f5318cb3016b0d882e19f10be8a38647ff04f23c9de388b0bee7860f81f848e9d177baba7a42e9270268dabb9f4ccb2000c8cd00c02c8a1bc7e75160ba3ce06d615d48079690c4c8e4a38251c90572c78fec379de77f233c19f8025d9871271f0fb8b3e195ab47be00cf0878ea6df616aabdb060d9c0c27ef7702e9696098b606671330783ce11b66238cbb2619f84fe17dff0050f05c194a6cf419a4338eb821b6711e7026c73664fd19c79197b220304323a59fa918d60fb92e89d9c16c90ce599acdadb7623819600e4f99fc0e847b9fea59e0cf0457a2cede884c23a300a7838db723b467b880b2dc8bff005c0a9df12e7d81f762eccee33274c01ecffb8874860e075e2cce90c410448c8378c36663f97783e7bc613fd2b6f0ccc8db5afb7802f096f0974d86adc692671b6ad725e0216464f4b45afd5d8b6688a6df6455d660871bbc0ec321e1db66ceecb38110ed7691ed794ba2d3b947f31fe837e18b0d64b27d4924992deb79974db6a164bd339a10e57ae12e904ec459078ae54e2d969bf4aeb8319893837067096121647b6419058a3b53a65e4fb27e41a49f2fd125f2dfe56ec3fcace706332490e0c38ae9867fdda1762769c1a3a426223d410720205a22627b489d9db0e797f9c1fd58f59c1859a4c46cb2c932c8e13676ed86edb48cb217d65e5e38824e43312fab13e3b6ff0053bf83b7c99ee6025b2c924e1ea63ce2346e838b3329f01e9b47cf26641b64a5736edb322cdf8141c18864588800f9026e1641c272f4cbc921ea39abed8c38c7cb065993e3c61d920dae08952bfb305b0c5bc3831c09311f768f602fb3e736fe5d77ace5f461c5d8412ce31e1c08844cb7834de35cbce366384999e5b6c6331eed4ffd9985e569965abebc936ff3767b60d9624938058718d9f833f1b1f91fca341908d6fa94c1c1d4940ee458efd2b60fea1d463042edd6c987e99611e37ab5d139c8626fc48c436f26c4db6198b333793c9960d817acb445c2dcd80707d651f06765a4f09cc7703626aacfc07cc7f803f11f822b7c46d7eb81ea59e5c940fa9387ae607d8431b6b0f9f560fa86185de96637bbcb36ce186e91585d0e02701b6186db72d9625ee72ce57846590de9c1606dd7ba8bc9babc3c7c924cbdf78166f6436a7bc3ce1d82dfe42dfe083c401dd81e410383442a7458e5efb23f72c7b2d1bd70edf5d410e3dffd11d24e04ed8703360c975ceaf85f612022c282ee5c2c372f6de37817060db1d27836db50edb129ed84ef0f21305c4f93b294133ae1ea5f46579fc2f2393fac2a3b03c0984a4a7921f5f89f81f8f38433ea313e987b864b7ecc672ca7190c47a657db0b2179b30827e08b33a67caee6e21f7c018fb632491d9974b2483218718876e24db6d6701ef838dce1558400bce2eb6d7843275175909c7e4bafc2fcc2ebe0f8e5064485a3db3f8793b7b86bc3d2617dc76c61c1132cbcc707de5dc411042ebe256d9c0064d195b1fa20b04e1548e789808c0b364951132d8790711061e490e3759f51360585a2f12e92c59c2c823917ace2e3f03f00e7667811f216fd32be7b9f3ce54e8bee6121e198498c70e063878311839e5e6c86b043e31193ae36bc5f4fa7bc30fbbb385dff00203a63e85ed85848b7c2220bb850471a1c047acf97ce1305889b3ea706d97270fd1003ab3c722c3891d25e99c7e23381c3ea6799f14bbe30607ce011fc9e0178eaf2c8449e2bb578636ecf041c32f231cf38b1889c48f718cf020222425e0a7bc64eacad2d597d34d7dc74b6db6d1980ba9e4e677f77d2433b622f0b22edd78c02d948f69db6e8de5c0437d17567f8878112e4f67823f8d90fd4cd9f80275ac638eec6dbc738d37abc77009e47cc9f38174998c1243e05311b2dc837936ea3beed898ff89721d793fdeac25b844d876ad4ad9cfb30781c2d25ec84ec4785be9375b1c02f26ca1c7bba23c5f86653c16cb33c023d7e3c913d318cbc87968f7e08b85f7361658585b1c02eb87827044f21085e2638a59ac6f1249f1ad798761ecb43d3a5bc08eb803bb2066feb587ec2bd90bf77fadd39bc1faf05a7d790e9c2c9b6c5d5edd2ddf96ba1ef9761641c013e71ea83ae1e7f075783e0cf02f1f84e59771c1b583cb4208039d97e5b6c39104f062178e4b0e5ea364967c40598f1d8b6d1f61253a1196f02b3ac9e0ccc388167873c39fe41688dc8325ce2cada78598960df56ebaf0e01f23c3dbc2185e787cfe0d8b63e0cec423f01f0593c6f205f2f1611f84e4e18707078b1089709b67111b33e0092124f0b21c8dcc0ddbdb41286cd98f4b2c938663819c62c2225d94b8b238f76ec8753aae9460b6d58e703b1f8ec9d23e0cf031f80f83ee780fc001fca71933113c5843e16781e390b1fd421c042672dbc5d10f5e91c1d6f5c021e0dd98f0659b223756700d9672a5e6025ecb591eb1173b4d785ae05b6d6510dba47dde7f0a693a3f9c3e0f0f039065964fc8f261b6d88b383ef027e19e1c4f0f5f98898be172ddd932ceac8d0a8290c486528ce192cc6f64eacb1f70c59c31702e9e4d772ee232c88cab722ab2e55f631d4f3f8b6bce19e07ccf07e04e6164927cde37823931133f878106bbc942311364f0b5ac4658c592492487fe13890e43f07956f07033b4b3c05294003b58fee389c4e8a75ad9843e1cbc8a3f17ddc331f31f9bc3c0e63ae1b2c938d86524f03c0e4911f245d78594c611131e5965922c727326249320d19b41fab810f07de1e3ce32dce307d8725e0a7c5ea5c1f3cba781d9145a59fa8f5070bdc38174703f1fdf3c1c0f8bc1f06787808f070c96493f109b650f262382e5bd6104cca34c32088e339d8764b27e00b89208a7b410459659677259ce9792cb2e70777d9092311d1c8105692070ad18e4f93e7e6bf6fab790f83311f066667e23c6413049c8f9093f03c4a1ee2b0c9e0661c042f3bbb6b7d9d1fbf8e9dff00bc3d6d884c613184c5588a3e9041659c327784e1af0ca59787a8b71dbf0c1e8c95aca3ef9998721d2dd1381f9104c65e64f8b1f16786c8472f070c391c1391c0e4238a8eb08722e09d0eedbd18bdeefd123470b0b5d56cd7f9f07cb58efef8c92c9fb9d92cc62df4da43d7dc41f066c993b989659d984c8067476c600701c0e831d511f6082cb6ef1d9e27e5338c259f807c59998211c33f033c8e2f07909e05f5c36bd5876dbd4c5bd89d21db2ebac7ea7c7a8fdcbea598419fa82838387c609f024c924f20548d199baede47c7278d95bb2cc9dccefcb194ed8e2671383215eb8827886f31dbc381862fe743047c18f9333c0472f011c331923999e526f51cfbf5b325b6cde1df07504f759c77849b670cc76052c10bf89249e40c568efeaf768f9332e4550453b794898e8e8b2380a70c611e811c40ba57d46dd86130da6179463c89fc43e4cf020fc6331c08cfbc1c70f513e46bbb09678458cfa433bb08ead96496490ba0cc03d23c3108f9f037e3964fc0beb1f4873a7863ab65924938659114008c88e405002f1777f593ef57d96c41dda31f22e17bbdff00edabc757ec97b379ada7e6783e4cb1ec1f06780e1e470dc65788deb94e42f62566c8f4cafb6401ec647562cb38492483c0454a6103edbc47f0b318c147a99bb8f4b78df86492720acba221c9332def81ab3d37df04c33184ff00cbb4f827d4ff00609382a3d3c6fedc429f4df690de3f8d63e6f011c1c330470f2c78bdbcc3abd721ca7704b387b6bd1bbfd9b5ce84ebed90719659c1e50412fa37a33fa52fb385fb2c7d3f349381923464c8ef364ddcf09ad9c09847d460072a5cce25500240d516415c092321f72fab1a06e49192165e037b1ddf7946f1c0cef4bc26d3e4da1f99983e070f0470f2c232cc5e2f31ee381c7b506124b4f111dd3e6198d5259c045a6390f053188409e9148cf91ee02d07ecb75ef63dc98fb05d6fc92498194f11d7d36cf196596416a86403d76f201387041c2dc6e94b00599039930fff00362eba8b8943f53210e0cc4165d9e378b1cf13bcccf9f4c984f1f826c19f2663e07c03e46485997cde78908ba718b67f66ccf3ab4fac24e1b20e50ac6bd78f0822649c06b1e9212ecd32da7e918e875b13edbefa4209307e296491e674f2263b1e320b2264544172001c3053a94004c5eac6a6bb583c2246ea0fd676ef04b561ac0626fbfc8f4a6df22b44212700b2c9b2c82f2981ec3fe92fcee07d90ff0070df7f363e2727c1f8325e0de23d47b83891d18e922bd919649242c6d43f8724635e3f741075659084d90e8dd1fc804918ac266c5fa4d0b2193006fd4c26ad3e396975e5ff006ce0996452fab2620381ae2f5952af633aab7fa0ca24db9b7d5b76a87cc639da3cfb1211d7027a20ee36c474e74493c27c21226410871603961edbd02962e3d9f167e4727c1f91d2f13e47b8e7e606ee583ce1071aa780a7c0b849e10ce7484ce0e91eed41ead9fa3e49db3a533d18074fc0853b73bc3cb7e22f6330ba266dfb21df8991a259a1ddd2213b82cb7ad93a6b78dc19e00920225ed6749ade61f6900e7846376b2fa5d1b50b3c0744dfb2f91efdfb8771bca3a7c3b74fc5dbb97c87c269947eedf83cdf16cf89f80fcbc7063673f304490b49f9c8807291de6fafc4ec4604f490a7ef24883276a1a74da005fb87903c92543920c6bff08102fc5007612a0f186845bad8608385380b75b403a2478436077f5088b7633b0cfa86e60ff60d15bb874ad350cf3ba4e072ec21f076bc7ff3f0282f2ffb216ab17e3386dd8f837dfc9e3813f00f6384b3862c59b13c08e1e07e201cd198a7fc62427525a480dd8df626516cea096344647ec20ec899b90af91a06302123f0d887bec6b7d442b04f009ec8ea6fb2cee3712ba9bfce47b9755fb726d3d7dc7b3bc1996222f2ef3f735be163c9e13084398fc24821c771ff006076dc5861f85e0e3cc23e2fc7c5e784f8a3d8e72cf8bc10709c0f207808f3f17899305276c76376d62b20d57dc5c35a777f9571bb4297d48fd865d05a84810e9044d3854891a24c9c9ec5a576176b7e1214cdfa81857d90f7b52d160c26c6ab20514b2efb607fadbcf28e07c1243c30e72c924e322381a7fece2c847e0793e03e2fc9e784bd7c1f51f85988e19279130381a59c3dc4cb2de29b83060e89d25b248355b1226383c6c2fd5b6bfe177a7d0d90dd04696276d2dc23ca7a40864b9c0ab2b4671dc96da3c6758eeff24946b7bdacb7e9d2ecfeb726af0cef6cd998db65ff00cdbcc7d7f072f0470767916451f8ce183e693cf8bc70debe0fa8fc4f07c32784c082274f3bab9dad8bace8d24c1fa95acdf228f4584d0fa0bb60e2fb761077a09137e8c7a3838b730082e70e9068702cc0e32f5090164604f0fbb6b7fb208086cb85dacb0a4f509b78b13603e6685ff98711ebf2b3304473e628e07e07e07c0f93f05d5e397d8995ea3f21f161f0047ae2c814fd97ff009aa4cff7dc623a0d8c25fa8861ff00ef77efe2c276120af3a308859d167019d9074712c82f77b61f1cf8748ebb0ef67d5d8a3b912c096534bf37a62df47488867ddd73ed3ff631ff0028fe7b3c11c283b63e6fc08fc6cc5ec2f3cb1337b8fc2cc47c9e44490f6ceeec4be7371b188d0ed963efdd8f4b667eec1acfe8b3e2adca02274e31ff00fcc7fe470662de4d1a4fb7d3f1812c69ac1319ac7b7d4d8c25b5855c17b40bec718b27b3249e88e51d179fccf2470f2f5308f833f123e1ffd9, '2025-10-25 11:54:59', 'active');
INSERT INTO `users` (`user_id`, `role_id`, `fullname`, `username`, `email`, `password`, `contact`, `profile_picture`, `created_at`, `status`) VALUES
(7, 2, 'Jericho Flores', 'jericho', 'victormangjakol023@gmail.com', '$2b$12$LNBDM41Fld4ZJiauA.wrdeQWGwU1QuFay58VQ/SbvGbr4phOElR8S', '09123456789', 0xffd8ffe000104a46494600010100000100010000ffdb008400080808080908090a0a090d0e0c0e0d1311101011131c14161416141c2b1b1f1b1b1f1b2b262e2523252e2644352f2f35444e423e424e5f55555f7771779c9cd101080808080908090a0a090d0e0c0e0d1311101011131c14161416141c2b1b1f1b1b1f1b2b262e2523252e2644352f2f35444e423e424e5f55555f7771779c9cd1ffc200110803c003c003012200021101031101ffc4002f000101010101010100000000000000000000010203040506010101010100000000000000000000000000010203ffda000c03010002100310000002fac0a9400000025000000000010001616a0a9400000058000000000000000000000000000000000000000042a509400096512c28000320582a50000000000101400400000005580512c2a0a00000000000000000000000000000000000000000004a22800000000003200000160a80a00001000000000014000000002c002c002a058280000000000000000000000000000000000000000000003200000000160a00000400005040500000000010a80993770357960f43cda3bb86ce8c8d5e50eac68d205800000582a50000000000000000000010a0000000000c80000000000002a0a100050400140000000460de7cfe63e94f2723bf8f8e6cf4ce1ccf4f2e353ade4aedaf2ea5f64f2536c4af475f123e974f943eef4f85e98faaf1f65eee7a28005942500000000000000000000000000000032000000000000002c0a82a0a0000012c001ce36e3e5af5793cdc6cedcb393d39e32cac0a949583acc0eac152437913579d3ab96d6a68bd390f67a7e5ea3ec75f89d63ebdf07a97b250050000000000000000000000000000032000000000000100050012c00500010b2e639f92f86ce9e698ada2c4cc34c8b20b6535982590d5c6820bac6963584d4837ae5b373357579f435334e9ecf9fa8fb9d7e3fbe5f525160a0000000000000000000000000000c8000000000000000010141014010b9bc49e1f47ce4cf24d26a54659110d5cd16656a42d91359b0b73574cd08357344d6134cd377317ae73a4de45d31b35dbcfa3ec7a7e27d3cdf533a002810a9420a00000000000000000000329410a00000000000000405000242e5c078f979ace9cb2a591359cc2a5316685916e50d40b9b2426949420a82dcd2c0b0ad5cd1a837728d66e6bade7a35ecf1748fb3dbe7fae5eece802a0149650000000000000000000003000000160582a5000000010005204cf9ce9f3f1e7b26359ab2e5194240b0810a85016416526a00042c0a010d251ac8dc0d46833a2dcea9bc53d1ecf99d63ed76f1fae5b602c160a0000000000000000000000c000000000000582a12a0a82a16a066f331f3b7e2b19b9a542e191124050101604b00083510a42809402cb92d4348349a14160bacd3560d6b34f7fd0f89f463dd73a5b289400000000000000000000000c00000000000000116140041171e4f4fcd4e1cb59d21133456379339d42558cac15a26778114928cd0a52252e6c28164282c50533d39d37730d334d037ae7a2eb1babdfcfd23ecfa3c1ef94b00280000000000000000000003000000000000000000420675cce1f3bd3e2a985a98d922c958de4cca335a3268cdb924a22c22867791652284a22964d44b433416559350a549acecaa2551a96aea68f4fd7f8df632e92940000000000000000000000583000000000000000010801679fbf813c9c379ab9d66ccef25999616524d649a433bcd0b922533455b4c4d42344677096745c37239b4269aae7ab6593a430d8c3a4315a4959b3a49a2eb1ba553afd1f99ec8fa7625a0000000000000000000000030000000020a94004290040045c7cbfa3f29390a921273558b450ca0a25ceb3d573379b336a32d559a96ce73a4962ac8595b9a19eb95e53ae0cf4cf531bba979b54c3a0ce7ae4e53ae4ce7a4b8e3bc6acddc53a6f9f4abebf1fa23ec5cee5000000000000000000000000c0200002a0b0000000000440f2fcdfabf28e735cea610b42540cd05955a5cef3d65ce3ae0c16b59de09ab46748c52b3b9a2dcf6267a4ceb9e3b73b275cf48369ae7376b16d867b60e6dab8ce99b9e38efcae60b9df4e1b3af5e5d0fb5d387a250000000000000000002c0001439cb00000000000000010080f2fccfa9f2d71cb7cec86899a2e6e4095b9da697a49ae5d6753973eb8396dbb339e94c5ba970d69794eb94cda277e5e8b267ae66b8e3a646dd2336d31a6ce76ea0d8e4d53967be2b872f573b9f2b78d626f3ab3a75e5d4fabe9f2faa5a0000000000000000028228000e400000000000000400080e3f23ebfc838f2e98aacd00675996b566af6e7de6b59e925ceb43963a8e3bded313be178dd8e7d1d4e19ed832e9a31db3d6cce7a0f3e3b665baba31add396ad8c5d028c34333a60c676b3cfe7f770d4f35d6758e9df87a53e8fab8f596800000000000000594250000003900000000101400010400033f27ec788f918d62973a255963716d6f3abdb1d65d354cba439ce909b9d09cfb60e4de979f568e58eb09770cef3d2c553963ae25d69b48d4316972d401267516cd239372b38eb13c3c7d9e4de35f4be6fd4b9fa025a0000000000149412c16500000000e40000000000000044000072eb83e0f0f778ab3a9d15adeb3ae73ae65ceeed5d708ed7cfab3d1303485bbe7b379b0cea58b65acb4959de11acee943128e9734d6731373393a4e593ae7960ef9f3ecf4ef87596cd419dc3978be8f8f59e3f5be67dad67b08a94000000b00054160a81400000000e4000000000000110000006370f8fe2fa3f3eb3df87ae6b4dcceb0d896c5cf398b2b267ade19af5bc723e86fe6e97e95f9db97e85f3697d3ae1d0d2584b06b36b51923037cf1c9359e32ba67194eb78eaceec74964dd1d7955f56bcfda5dca8cf9bd5c6ce1f6fe47d8d6005000000a2288a00000000000000e40000000000012c400000003cbf1bf43f1cf17bfc3f41ab3533a93591c90c376cc67ae4f3e7bc3cef4438de90c6ad35d3917d7d7c9de5f46b9ea3494b2ca73d7130e612d317b438deb4e6ed4e7d35a25d539ba54e5ad177489cfae6ce5f53e77d1d600a000002800000000000000000e40000000000012c400000002787dfe73e27bfc7ed9a85ceb39de4c356dc5d232d8e6eba5f3cf4c3cb9f4e0e1770ccdd33d33a3b6f968e9ace8b2939f1edcd78ef5b3175956549d35d531ae95393a4336c00594d2512accfbbc3eeb8168000050000000000000000000e40000000000004400000010bcf70f8fe8c6e6cacdcca5cac2594d555deb90eac69273e925e3cfd195f33a73aa537bcf44d6f3a29531cfbe1793799738aa75ce8e9d39746752c2b9e0ed38ed751135734d594596ccfb3c5decef4b900058280000000000000000014e2000000000004020000008b003e7dd673b0973359599b95ac64d983d1bf9d8b3e9e7e393eb3e6eecfa2f2eb3aedcfae179ee6a5df5c75b1ad6d39ddc39e3a625c67a61792f3adf3c79ee7be7cbad67d1d38f54ebbd72cebb3c3b9af66bcfd0edae7d52ea68ce84ce77cabe85ceb5800050000000000000000005250e2000000000000122c000008010f125cec59ace7a438f3edc4c73bceb0d4b3ab5e84f979f4f0b1bc7a8f5f9fd9e69abdfc9ed9795da5bd31d0e9bcf44ccd64c63a625ce3ae6b8f8fddc2a73efbb9f933d3cae73ece5f44df2bcb3ae17b746b8f6d6e2ee6d0522c498dcaf5ea5d600028000000000000000142508a38800000000000022c01000128928f05d673bb66a55a5c67ac3cdcfd5ccf267d4af3f5d09cfa539fa323a6714bd73d630d1674ce8df4e7b44b92675258a318efcece462b51a5c5de939de96317633aba0b48b04b0966ecf459758000a94000000000000000a0000e200000000000004b1000004a203870f5f926aeb3bcead95694c67a8f367d10f36ba45e73a0e57ad31ad692509555ace935bcec93593335258a05b31cfbe4f3cee5e1aeba396f76c8d096894892c12c4cf4e7d2cf45975900059400000000050000000000e2000000000000041000004b0033e3f678e6aef1aceb5655bace8b289372b13a439ce90c3488d42442b3a35a9a2eb3ba8d48ccd64cd48a2a8234aca85cd2a689a82cb224a24d66c9bc6d3d297590000165000000165000000128000e20000025025000012000000020278bdde29a5cea6b57365d20eacd35012aa4a8cda332c311ccdf4e7d0d6b34deb3bb2e750cca9739d64979e8ddc6cb65a402c142c04b20092cb26f9f44f45975900000500000016500000000000e200002522894000004b1000000041e4f5f9a5e5acd9bd2597494bace8d20b002acb92637ce31c77a5dec4594e9d38eebae608884a39f3efcd5ae5b3a5ceac4a2e742548b0042c04b2ccf5e5d93b59759000000a9400000500000000000e200000000000004a4800000101c7b617c7633bddcd97573a2dcd34945940a44272df39676e5d4d4b94971577ae74eb79d37330ddc53510e4d733aeb1a3565b02000040949359b33df8754f425d6680000059400000a00000000000e20000000000000048000000092e17c9233bd6b363685d5cd35723482819b173cfa64cef968e93398d67997a6b9e8e9ae7a359704ef7e5cb7eb6bc9de358d4b2ef9e8e8cd357352a50080106759b275e5d8ebbe7bb9a2c0001480b14000b28000000000038800000000000044a20000002079fd1e59ae2b99ad588db356eb34d5cd5b734a94033364f269c17d1e6b25e1ae8a77e03d4e363733aa73eb95c7a3cfb8f474c76b9e2de0d594b654a814100092e6cd75c764ba2e68a140000000005940000002880038800000000000212800800008079bd3ce5f2e3af29ba22d957494b7357482d83484b6538f2f4e0f0cf717cbd7b5ae73b53ccec26f74e79ec4e1aea95a96ccf3eb88cd85d582d84a94250419ab3d1d33ab85968500000000000a9400000a04160594e0000000000000100012880012c12c31c7be65f22c9b5965b734b625d22adcd3484d5cd2c292c094bacd332e57adce90020d24359a8e6b0a85d20a42d950949acf5b9ed5759000a000000000500000b28012c00038800000000000044b0582c00004b066c267598f3e3b719b096896a55acd2dcdab735353236c2b720acd8deb9ed6637ccdf4e7d049134c8d334d490b9b93495452c0a9500be8e1e9b9b4d64014000000000a000000000a22840e200000000000400000400012c24b924b233c3bf29ae6b26a8508255a0919b357236cd3572353185eb7845f5bcdb3a4e593d17cd93db3c9b4f4ce193d0e1d13720ddce96880165b1654e9df3bd642c01650000a20005940000005800a00228e000008b0288a228040000008b0012c266c892e498d45e59de73a859a8a259568333792658ab99c8de31ba97af55f3df455e3be9833cfd5b3c7af553caf4653cfaefa93cdbde637bc6cd142c02a84bbc7a2e7765b90a02a5000142580050000000148a00000e000200000000540042a0b000021092e624b0ccb1739e965e0b33a05140599d60ce7433aba39cef6b8ee96d2b7252d94b348c6b44668c4d8e76a2dc68d40a952d96ba77e5d6e165b02965000165000000000094000140000380080000000004582c000000092c8cca33369795ea2677897866c9a845a90d445902d0285cc377917ab9c3a5e383d37c9a3d4e1b3a6b9eecd594104b0822d94b654b9ce0f677f2fab598de6e400aa002a5128000000000000582a5000380200000000004000000088d6971748ccd433359892873df35e3cfaf15e99e7d6592c54b4cb459549548d2b13a0e73ac38e3bc5e3aeba38efad33bba48d42022a32a0a4633e5adf5e1e88f4fabc9eab9ed34b9c4e839372a00058aa0000000000000000a82a0e01014004050000000400256b5a24b222d8ccd4338d605ce8cf3e985e5cbd1c8f363bf897e84e1e89a8a24d41ace96d96b450a25a234228288a228cac108412e2705f3eb8f6b9dfa7cfe997bfa7cfdee7d173b662ca67432d0c4dc33372b3400002800000000052288a3ce100050400140081a32d0cb74e7d6ea24b224a5359499a31cfaf227494c63a61738de4e5e2fa1c17c9d78766bd37cdde345250b725db237714db36adc8d5c8d334b6435222c08b9473459e7ede5387a3cdebb9e9ebf3faa3a76e7d2cedbe7d128b1288a24b0675958b515499dc332ca14800a0000160a9403ce1014004080535b31adc8973a2a50a22a339d450359d44cac318dc2cd0e78ebcd739d4318eb93e66bb79dbe93497af4f2f44ec9a334105bac536c8db34d2435734a8282a64bcc12f3979f9bb79ac9edf37b2e77eae3e88e9a96e7a75e3d4d0b02820092c88957565b2677930b0bacec936ae4eb930d640a0002803ce00010251d0c74d5896899d48c594b62ad94449602ea6899d6512c30a0d0e78e9178e7ae0ccd0e3e0fa7e65e1ac749bce7ac89db80f4b1ab2cb4ca960160d251652d82a64d73516e659c77c8e5c3ae359f47a71e8937db3bb35654df4e5d4da5b02800899d6601756546358a40d6f1b02808b23336ae6de4800a594f38001a89add8582a58054a32d650528592c2594d554ccb06759a8682a319de579e7a60c2c26770f0e7d5e39be9659667a0e5d243aeb8743682a2aa234cd2dcab5308b2e85b2a73d739672df1ae5e8e1ee677e8e7d935a2e6eb3b2f4e7b3a596c0a002266c85956a124b2a5175a950280080128ccd432dcac5b0f380bd09b58940200a16a09359214a099d646b3a360c8499aa9acecb3523137179e3ae4e79e90e6d431f3be9f05f2eb9f4ceed04d45ccdc3342dcc36c536cd0a1a9a14196498b833c3a72b3bfab3d99e9d33bb2ac4bd33ba6b3a8e965b028282333588b6594092c1668b4d40a084b21650299b98583573aaf1ef5a89400b2894022a16812c334340ce7591bcecb35924a499d66aef1d2135164b0ce750ce750ccd431363e7e3e8fce9bddc6a5d15733432a24d425a052552a511062e49cf5cab1d397bd9e9d26937bceac56d2d946a53a596c0a0a019d2314c8454b06a68a350282208a28099a8c835ace8e56a24aa80a82822c8a85b652cb0cd0a0ce6c2ef1b2cb90b9466cad6f3a8a09351713639ce90e53ac31379279fd03e56bbf9e74ddcd8d012972b02c165290a811918d60cf2de2ce9efc76b96a693566d2ea51acd34535aceac0a0a00226772242540ba9528d00121650292c208c88d6a5ac5224a22ca805944d49620d5ce8b2c2028319d64d6f1b01244a95a2d9a800522c12899d179e7a64c4d433e0fa185f9f6cceed940a8b0940254b01066c2635833db9fbee6ee6ae56d4bbcec289acecd4d64d6b3ab0282800023337888965d6b3a40d0042280292c88233653565ac888500ccd640ad4a8ccb16eb3a28320a4312c35b524b94451ac97539f9cf475f99f4cd8b0096524d48ccd179cdc39b793cfe3fa7e46b8559a0128928849404424424d6ece9e86ee26951a9b1a968b626a437292eb3aa0a0a00000239b798d5940a1205028092a24b21668a2b2485512c19d64cd2ad963335956f1a340c944b931ab4b11014cc2f1c625935227d2f9beab3d6ceb50094008a8ccd45ccd4318eb93c18f778a6e05012c24b16448b28caac9ebe5eb656db99a6896d26942c2e750d69525ccada5a0028000008948012c8596828092a325850a2b32c8b6504128c2e4d6b3a339de15ace8d04cd82ca12c111633c23a72258a24d424d64ebeaf9fab3e9bc9dece89680012a24d4339e995c79bd795f98efc26c04b08b0928cb4257a0df4b6f39a689a42d5280533b913a4433e6f47056f1997d3bf15b3dcf2f5b3ab36a8000a08088228a0a024b32594140ac960524b00339de46f9f41cfa7356b3a4d2c3250656cce235ca6562a2502d3336319eb939aaad0ebd7cb9b3e86be554fa8f99d6bdece80128ccd4971e0fa585f96de26e0008b48b4beacf6b8975a4cdb089b34992dd549424b0d4ce575c379267799739d66250d74e23d5bf15b3dd7c7d2bd0e7ab34280cda80a0a1324a8016502a085092c009350c74c6c63a7326f3a352c39ccc5d448ccd4332c58b633abbaceb5a4e6e90e79eb8385a16899de4e5e4f6f9acf07471d63d9f4be5d9afbfbf85f457d8944a24d48e3f37ec789af1966cb5336d2769eab1a19a90d49c4edcbc1e7b3dbedfcefa93ee6be3e17ebf2f8f13eb4f1fa73adf4e7dcae92b967a623135172d222893509546f14ebd3875b3a5cab5796ecd0a012c81622c165034965c8092c0a2033a94b8de49ace96cb131b9a263a45e39ed238ba8e6ea39eb56a69493431cfae0e33a432d424d439f1ef98f9fe4fa1e3d63a7a3e7fb879bd5c4eff5ff0031e8afd2be6fbe6b604a3e5f3fa9f326d6fae5e3dfa6ee73744ccd4319bc0be5e9897cfc7b70d63877e3e9b9c6f8c5c76e3dcf4fa787a31bdfa38fa0dcdcae59eb8393a48c3a5393ac393ac395e839eb7a33d1bae79bc4e9d39753635004a80880596841658024d425080965359d433655b2c49ace8b28ca8288b08b1565128ce779319e9930d0cb638e3b733cbe5fa3e5b9f9dd24d637d7d199af9d7d1e667d7e9f2759bfa9eaf91e89afa0e3dac78fd90f2749a975d251181ce657335630ed53e6f93dfe1de38fb7cbe9498e5931e9f3fa8f47a7977c74e9df1d6a8b267639b7258d132d0ccd970d0cd52d96ce7e7f4f0977db1d00d40048a480165a8a216004a2020259a2ca336512c26b3b000004a24b059428929739dc39da0b4e7cfbf231e6f5f2b3e6f9fe8f875cb5cfd9d17cfe5f4f033ebf1fae5efdfcbecc749d798f76bc1ebd4b750649667a0e39f464e5bde8ce3b72b3c1e0fa3e0d739df1b2f2e995f27b7cbee4efd674c75ebbceac0a022b20004b04b014a2b1cbb723aea50280132b00168b009658000928809ace8a0804b06b3aa00000222c2594a04a24d4313595bace898e9839b44f1f8be8f0de3c7eaf1fbae796ba55f97d35c99f5fb7c9eac75d3526b0d43d3dbc5e8b3a8a00001cbaf13c7e0fa1e1d72e9df87acc797d9e033eff0027ba5efa9ac74eb65a0d020202128804b0594a2b3cf793a5940a020c84550a2c0affc40002ffda000c03010002000300000021f08000000200000000c35f7db0c200010c2cf3ce3cfbefbefbc814c30c20000008000000000108200028500000f2c20000000000100005d475f7cb3850c020c30c00020d38024300000000000d30000000000010c00000000000f3cf3cb0cc00001051a5de51f3cf3cf3cf1ce14f0cb00000000000000000000c28000000000000000000000000f3cf3cf3cb00000041470040c20430c3052cd2c804730b3812cf3cf2c200000028000000400000100000000000f3cf3cf3cf3cf0c041001040000000014100254cfd6bed3255bf04d3ca08000000010000000000000008000014538f3cf3cf3cf3c70c300000014f26b3518de79fdd404669e08d218dcc3480000000000000000000000000001c000414f3cf3cf7df3cf5df3cf3cca3c9da7d379049349c35f6933861a334b00000000000000000000000000430000000c3cf3cf3cf3df3df38d045f8871c41b24d71d08c30779015318d3273cc0420c000000000000000000020204000000000010c31c30c0cc25b11e61b6c7140d66aef825bc13c8ac11653cf0ce28000008000000000020014f3cf3cb2c20000000104020cb505590533ceaa6ca248e6b2dba8824ba020400b34b0000000481432c30c10081cf38e3cf3cf3cb0d34d30c02953432b68e12c52818ebbaa9e1626b6c82ca608bf10800000134f2c000f10f3cf3cc30814f3cf3cf3db30f608e8248418abea11a59f41359065f5b5cea5678ee32e34f0000001cf3c538c34f3cf3cc00030810020010c01375254c4a58a4b68bd97155d251631145a1c26929e528ad000000c33cf3cf3c73cf3cf2c80000000000000004df2d799e12e96ac196d93cf3d4488eb0160ab28b94ea08564000c30f3cf3cf3cf3cf3cf3c00000000c200104f7df3318379a5a52eee57ead5953ae07480d6291047e768cc500000001bef3cf3cf3cf3cf3c03cf3c31cf3cf3cf0137f2ba386f53b5bff8720bccb5ccfd5d26269a4b2aac71f0002804718fbef3cfbcd3cf2053cf3cf3cf3cd3c041e42d82e9dfea695481d6943128d228e91d5b8c352b3d53f600433cf9efbefbefbc030000f38d3cf3cf3cf39041b7f64e0d6c8a4146ab1870ed78934b3653c57438dd5305e4010f3cfbefbefbea8a000000f38004329f3800117df7d2a97d54cf17554bef8888889b2a7cb0145508b0eaec5c00073cf3efba896a82000008e3803042020000177df7d580a2643365591cd2f5629d9e8c68755f79bdbd4b9a3c20083cf1efa6b8e882000f3ca0000000030005df7d84155c06111cdcd5f118cb5f9edd8a5e85cd6fb720fbe0fc800f3cc30c82082082000d3c20000043000057da416417ec1513ad8f6c858754731d145b361d5492c2441a837c004f3c00000208208209473c20000000000057da4104197b3ef2268ceb092cb6d2db38bb938c87782a8a6957f8014f200000820860a239cf3c20000000000017da4104564c5faf7d500a5b6885150bf4726209d00401459bd22003cb000008821aa18efbefbaf0000000000107db41075b6e3f4e005287995ed1a49eff00aa004d3dce2019a23b4843c804f3ef0cf2edbefbce22a00000000000075f4107da632892745b7796ab5414dafd9c1223c9afca9a623b680340007bcf3cf3cfbcf20832f08000000000034f5d051f593e6aa2e51b7175bc205af0b69f9c2d6f719a096ca8010214f3cf3cf3cf3ef82082e00000000000015f7d051f61ece38aaebdda4fd80d8b6cb2857aa2f5412af9ff00e8100a0073cf3cf20000082082f0800000000001df7d055f5c9e2e9e4200024c9242a22173446810a189076b52c8004f28538f3ca00000012082b0000080800007df61041f5667e4d74900f3ee3ae6459ecd65b8085706138bd3e801cf3843cf3ca00000002082e00008c20000015f7d24116f01a7ba0dbf14cd2376328285b02c7d4475ef599ca801cf3c210d3ce00004306a92f00000000000011f7904174cf1629e6cbc4939e958836e34b3d1b1dfbee6eb18fd12cf3ca0053cc0013cf1cb8ae00000000000001f7d841068f275019dfcfe4815cada20c0ba1196bcb8eb1b578e73cf38e1803c41433df7cfaef08000000000051f7da4137691773d228e22cc50e7a5be7aa961b6ecfcbaea59ff00538004000014a14f7dd72fbeb0000000000034107de41f57f47c11e14d3f8a7590415c31189ed6da7e4919cbe8400014f0cf3c200f7dc46baa300000000000041051f49541ef8e09d90f13c9068895cd78f344b35145292b3e04f0473cf3cf3904df51057fbf80000000000004535df4955d5eed5368af2369c55b28fc9dff00a49653c619f8e814e00f3cf3cf01041d7df73c9e800000000001041045f69465aca540cca5b59aa36d805d5474c26d6021a9bf211ca04f30f3ca01075f6df430b2000034c30c01041041d6905b1cd5f2cc60b672661131042062f5a228650564b73c234f20b3c841041579c42082000f3cf3cf3904535df69b67e68b6b3d30b0bff47e85d046c58a0ae927cc3ead2801ca00040041041f7de430c200cf3cf3cf3db5df7dc410fdb8008e18fcbd1570bed873fab5ca243820d22330bc03c210000041045f7db4900003cf38f3cf3df7de410f429cff00b73c7dcef2bae33d448270c04a323972127358f9292b00001341059f7df7d30cf7cc21010c30c31846539ee374dc374724233844169a2fbadb0b1e6c68e611315935f4633d3c41041f7df78c30f6502104000628cd2bed2cdff4dc0ff11d78d4658a43ca1091e7b37154e3f16016e4d711e5b54b0cdf7df6c200c500010c201b24956b7948ef95b98bd5460da2962d7cb1fb9f6b013aef6e5ee588f81adea6505f827dfdf3cc00000042207a4b3e5a4eb30bcf5fbeb6f6dc13b9524c32587c3304565a18f00da2c0000fd68d574b8809edfbef2800019244b196dd31aa1119d166f3aefe1c6f46f892c32aa96ff476e2fbb78eea421827c26ed9034820826af92e0902a10f758e99a7941080d9747c926a16779d091c938396eb23ae6fb073d1a06240234a0b62b0c225aa00f84899cf11853396bb6094c744d56f431a7a6a666c2e2857f6fa2bae8cae62225b684a010023196c80000f44219f6a9f9f4d1733be0a208852c1c59e9d3eb9279bb0fcc2d82f82aa249dc1c1ee99a8624000b379edd6386ac6529fe68db169c7239ef02ab0603b716fdef77dab8e7972c91694b6d9a49ab3f9ba1b204240011a9deac68094be0ebbda2fb3ef553080a3eb208b32caf70041053cab9f4c45659b822ae870bea83eb8724e00c30cb8906c179d32e736d69f354787f82ce3ab34fe2a3c97f2408008d6bf30a8d55f3acadad38ba9ba1bb14a19ca00c228a25e9da8e7b5c25ed17b9e3a14f6f5f3627d7d543fcf241053dd779c015959d58cee1822ae7d7264f4d112dbcb8a856fa0ccfec225957dad731dd63d2390294279251435be01301b90ab81180994a2786bc37d69503e398f287dacc70d2e4fdaea56177dccb96537c8e132ae238efbe71cdc6af8a47757a4eb455f4655a02fed1073b3239687fbcaa7ef83675acc043771a61f48f69617fd3a3ce1dc4534fec3dee3820617a8429550e67634c41da5dfb9e7b7960854e39106da460c3c61a6d45cf7d07d045800605032c04444c3fc6a8dfa6416cbbb256a659f40b111df58a38b42ebee85161b71ec34c1c79449e7b0c30d3f7dc4c2225a6479864aab6f3d555752954f6d0d42d280cc30d55515a104e207640586ac30f90630c5a4138e0028fd0d3c76aa68f90b59059360cc080016ea70f72de0080434fd56b589a76a3b1265baffc4002d10000202010303030501000203010000000001021110031220303140215060041322324114234243516190ffda0008010100010702ff00f5e77166e1c90f5a08ff00440fba85a88de8b2cfb913ef44de597f25bc59abaca23d66d8f59b3ef31ea3636f1b99b99f72485ad225a9237b16ac85f51217d4c85f562fa942d44fe42d92d643d6fc87ac4b57d072dc5e1fa166e2c6f86e1b58a3d71742d421f50d11fa942d54c4fe3939b44b58948b21ab44a5659fc2c657278fe09966e2f14cb1314d91d7685f522d54cbf8b39a47dc89a9ae4b599b8bc5978bc279bc6e2cbe765f1b37323af3443ea2c8cefe2739513d444a44a57c2cb2f93e57d1ee5e6f0a5469eb321a965fc3af0d9a9aa4a43970b2fa0c5d07c6cbc22f098c8c886b344359484fe1ac9ce8d4d590e437858be0f0f8aefe07a3c278bc234e74cd2d44cbf85b639513d435277d15d17c170b1ffef95e7b1e99d2d468d3d5b17c2a7a8913d625a8f8df9eb97634e6bd0889fc1acb351b2731cb8b797845f9cb29d1a5a8458be0be84e691abad637e22f0965f04c86a321aa425f059ce8d4d5be77ec4c5ce12a66949342f81cdd1ada9ea58f1d863f6c468b232f81499ada8c79dd45fb55f18ce8d1d5b17c024e8d4d548d49df263f64f4e2b8e9ba34a57f009b491aaed8f92f6262e9d89d1f4f3bf7f66af62521f048431f24bd9a2508d069323dbdfa4cd66c677c3121e7ffbe43e55ce222859ac234bd2441daf7ed595139363163bb3f859fdc3c488963ef943efc5af0176e14571895c51167d3cefdf59acd0d9587878bc2c316165e1e161f0ae090d70586848a28a28a2b287e8cbc7f73423405ef93ec6b4bd7378b1bcac3e2b83ca43e1fc18b08a28a188a284892c515eb868accd7a1117a63b91ef8468c958bdf3525e84f83c25c7fbc689736567f83c259a286242ed996686b34561aa78fe117eb8fe16693fc88f6f7cd6ec4f0f359fe61e1771e161f0a1f492c51584bd38b170a287892c218989e21dcd3fd57be6b3a449dbc31e59fc188fee162b090c7859ae5118848a28784bd04b0c456114359ac3435862c211a2ff001f7cfa87e831f397048511a284bd0794b09716b090c5dc8f62b12c472fb0b15968a28a1a289656111343b7be6bafc46318b3fdc3ef9445090c4b0c65091457a704892c21f72044a192c4161228a28a12e34514388d70444d0edef9abfab27890bb61f2488e18878a28499b468acc51228a369088962892288a28a2b9b5c68921ae1a668fbe6afea6a7191fcc2ca42594878a2848a1a2b142449145142c514491444a1228a28ae6f2d1288f08d3b3497a7be495a35e34c7c98b2858ae145091434514258922848685c248a162ba75c1a26b08fa649fbf7d543d2df2685942e3456161e284b0ca10c5c1e178534311f4b1fefbeeaab8b35234f82450d628a10ba0b35c90c5858621742cdc6e2d8a5ca5126a988fa68fa7bf4bb1aebd58f0909158a122b166f14cdc59795d262e0c58b371b8dc6e379bcde391626c5213e5acbd481a31a8fbf4bb1adeac62228acd65bc5966e14cde7dc16a0a66f46e2cbe93cee1cc73f51eb0f599f799f70dc6f2d1dca6262950a57c75d1a3fb2176f7e67d4aa798ae4c72cd62cdc6e371bd9b88ea1199b84cbe8d966e2f1434565091453c58989f0d65f89a11b9fc03ea216892a17723db8b6363369b47d18c8dc290a42e6d9290e4597e825fd28d86c360a26d1228da8da8da242cea7ea7d3afcbe00cfa98548fe91edc5bb28745146d361b0d86c36158a285df084f93263f5c51b4a28a58a28ae9cff567d32f5f80fd542cff00b0bb70ac5145145146d28a28a28a28ac21726328a28ae0a26d3694515d2d1fdbe03aeae0cafcba746d369b4da389b4ae28b10b831ae5428891457563fbfc067fa8d7e7d3acd1450d1b471e2b0b831a2b8a1168dc8dc8b5d4ecd11edf007d892ff93a9f711bd9733f23f22f0d0d704228ae0f0f8a151e8521c0a923ee3429a2fa13ec68cbd3e033fdfa367dc36c98a3146e8a3ef44ff440ff004c0fbd066e58635842162b93cee1eb247fa8ff004ccff46a91d7d467de98b5cdf1651ebd097634d8be0135f97469b3f188f5d0f564c9396542cfb628bab8cfd68794228a28a1e5944dd1566a2f5c222d3231768d83d31dc58a7216a314842e50ee2edf009bb972787243d51b6c4851270759b3736423f823551a33bf4a28a10842cbcb43f48dff00f606b43fb9fa7526f1a8d1b4d8280a225cd7ec2edefefb1fde2d0d124c7166d28a2122d335614f3a1a56ed928c99084a32c56108421f2d48da3ecb23a6d0e3fc9e8bb36c886936476c1129946d1212c2e6bf6f803ec7fdb8d1434388e26d2842511c47a088e8410a962cefc10b0b9514762cee7a968b58a66c66d28a285ce3fb7c066aa5d06868a36a361f6d9b246d66d2cef84b92e8b438e148b47e27a17d587edf01d55d0a28712b16596f0a26d285e050e26d3695848ac515d1877f80cfb7468a369b4da6d3694562bc3a28a28aeae9f7f80cbb725ca8a28a2b15ecb0eff01976f1d7b043bfc05f61f7f15715c9f8d0eff0163efe1b1b17042e4f17e243bfc0b53bf84c67f45c623e4d66f8561f534fe05abe13190889756485e1e9fc0b557a782c6256c5878bc5f464bc3d3f814bb784c8e5e6cb2cb2cb2cb2f12c2f063f0264bbf848b2f0cbe566e371658f0bc1447e0337487e2b91f7226e5ca73649ea32329c484ef35e0ac47e03a8c7e13ef8b276cd828b14da1493c59b8ee6c44b4c87a1643d58d15e0470be033ee3f0a68b713ee179a36b45bca4cf51d9ea2469ac3f020851f814d7a8fc2922511e99f6d8b4c50361b47114450369b4d86c1444b0fc0876f81c958d784ca3694570688ae93eb2176f82344a1e4c85d27d68f7f83325e43c2f1f4d7c1e5d7be8bc2f1e0bd3e0f2f06f9bc2f190be0ec7d4be8ee14cbc59bcdc5f8705f09974df3b1ccdd95266ec5966f3ef0b54fbd13ef214cbeac57a7c25f5acdc3d6a3ef9f78decde6f37099b90e454d9b19f6cfb66d1c4d85085d38af8bbcb46c23014111d389f6d1b133ed0f485a684bd46b0ca144a1a2b0ba515f1778a368e056166f8d146dcd7520be1889af0291b7af5d387957ee3b44a863ebd9659e9945a37a37165f5ec80be0d46d2b8325dfc745f813951164088d7c0a8ae831975d7a28a287c5085d494e8bf522408e6bdfa8ae9486488cebd3a745668a369b0da6d361b4aea6a6a6d45b7844088b8515ef4a3d4631a248d2d5f5dbc58b9514514514514575652a35256c88844488ba1457baa8f46f8318c9225e932133bf15e53912649fa9117722210bdf52e9312f5e2c68d7891232a13bf35b19363fd88888a1085d7a28af66a28a28da25cde58c4b9eac6d11c26d0a57e5b789326cfe9044488b0bdd369b7a8b8be0f8b46a2db316632f21b2f0c9324417a9122888b0bc17c68af2d22bab4515c1f07cb5e3e8471588cbc66c6f3264891a484410b285e03e8515e3509707e2be5244a3b642e11917e3b632433497a091142ca1786ba15e1a895c5f99ada7688e6b09b4277e0597c18c649905722288a17042f0d74a8aead0a257b1b3561b5dacd15852ebde2b1631926334a224242e2bc35d5ae925d2af37557e045f1ac26d1bba7784b83c324455c88a2285c97b1515c947c55e1b5e84e3b242e54562cdc5965965978ae4f0c668c7fa9090b2b2bd9e84bc65e26ac37223d3a28aea319dd908d212170595ec6b2915e3ae6ba759d6853b4fa75d563346372ba10b2b82e935e4ac25e4af128946d128ec9578cc78d28547085ed4bd8974e8aceb69ee5e3b19a30b769623f16a28ae3ada7ff006eb5f2632ad9a71a598f6e8af7c5e23e146a436bf159a30feacae4b2bde9e1788cae138ee438ed7e24636c8aae08485c165755fb6bc2e8ee1eb51176b8ae96ac2d789a50fef08f45759fb63c2e7639244b54fe90fd5715ce8aceae9ff7c1846d89715db9a2bde9e12e57896a0f0bba23db8ae9b44e1b5f83a71a5ca3cd7be572f5636a24a4df1d3d413f0271b4355d17cb4e36cae4b83c2cb746f5efb67a225a9d08eab44669f81ab0fef552b231a5cd74753f5c5b16a316a22d7bc771cd21c9be92744754535d668d5d3af5ea69c7fbce3d1d4edc77316a0a66e5eccb0f2ba163253eb262d416a8a68be9b46a69ed7d38c6d89725859ae5a9dba1bd8a6299b8bf6242e0b9596397428a28a1f394e513fd547fb62687d5ee1493e8ca3689c76be94234515ce225cb71f7094afa7b99bc53371bbd817058659b8b2fa3451597c98d5a2bd1a6694da6296ac6647eab6d28ce32e86a43721aae869c048ae36912fa8d3892fad4c86a468de8de896b4227faa07fa6d9f7196c4575ac526290a46e2fcb62e6ca657428ac51597c9e26aa46ac7d711d774537eb1d7944d1faa8cfa1afa7fde51858970b2cd4d4a3524e8d4fd16347594627de8327bab73d67255a7dcd2fd9e62561f5e23caf2973a28a1a28a28a28a2b35c18f9eaab893571c68ca287a9a723525ff569c19a3f59281a7ad0d45c9ab3574f6cb342d262d2424562b3298cd435bf988e95ab7a32127184b1a468f7784438d1451451451451451450913ec2788f94ba74514514515e057ab8ce34f1a3a74b739e9c09296a2dc68cdc59a7f55eb519a971d486e88d5322ac8c12e6e44a563193ee8d6ef8928c628df3439c9e347fa68ff708871a28a28a28a28a28a28ac6a7613111f2979ed63557aa7ad1fe8f51b8a5a70dc6a4bf1189d0dfa2969cda21ae269f0d7d3fec23b561706c72cd1b092fccd6fdb0e508a4af4246a421b5b34bb1a3d84244785145158a28a28ae5a9db10f2d79ef1256871b88d7a895bad91504bfe189ace0eb1a3ea9a87fe91193443553cb25dc484b363cd091435ff00233557e4c51f544e136abedc8a6b1a6bf13457e2444bc49f6c43b796bcf68786aa46b429e1424d374c8fd3da24bd483a912eea51cc351a1493c4a36258bcb451424512ec2fda44ff00666946e687a93df52d47175af4d47105f8105f8a222f125db0bcb5e7b1e3523e86a47740a341adb28ffc7a44f5a521a7de8d3fca0693e116d10d44f85145146d28ac6a7ea47b48668a7b896eddb9fe7246bd7e22457e02fd511178923fbe62f607868ecdad5854883a927adb25eb0fa7bf5d4fb7b36b34a5523b4c5c613be9eafea7fe363342f70b5a5ba9eac2cd669cc5dcfe23f847c597623dfdf1e75153bd68dab34a5a6b4ed6fd663fa789a9a6e2f0bf285c3d62b8a34e77d2d6fd09fa6963465b667fc517bb6c7595c9549905ea87ff005c47c59f621e0fffc40002ffda000c03010002000300000010d0800050028209efbe38904180c200c243a26aef82430a008027aa38e39ef34f34f2043420018a2c30eb541300f2c204000000087fbcf61b49054b3850c51934a1bad9e286f9acbefb210c73e20ce2823cd08092cc31cf26cf3cf3cf3cb0cc0209ff00ed56116d000030c34d19f5ef8a9824b20838c2cb0fb6fbe314f1c33cf3cf3efeb8d7ac753cc30f3ce3eb020b4e7194cf7c31cb0c30594df001388048bb0e747df6c652dbef94f3cf3cb38c231c3157bf7f7cc20034f3cf3ef8c04102147cd3cf30c5d808b0f2d97a632b483cc9f7da4bdf5e3ecacf3c3080053cf3d5ff00ff0028a04002f30c34fb470c300000014f57b505b59823168862cb7ba5a29f8c4b8430820908bad38fbefd6ffdff00ef20f3cb28400014f75f3cf59c30f34cc14b77c68bb6f70fb82f7e3328705d91bc30820828befbefbef7df7dff00eb0c90003c300000000431d210047304d4cf75ad02ca6d02432855fd11420128effcc62ae0a25bff00feff00dcfefbcf1c204000434f3cf2c30d30c330608711041e6001cd7e39e2bee9c9007b0d12bdbfceeaa0be7b7ffefbcff6f0cf28f30d3cb3ce20034a1114032cc34351d5bd726a2e00800f15e421b2b8af285f1bf6b82482fba7aac92c30e3c720804530c34f3cb0d34d308e1c534b27da0e87ce7a14d0d25198daf8c8edb6793752882092e8a092fbf02c00001c30c72800008243182c04ca64048338ca54daab09bac8638a3b4111b9dfe6833ab6f8639e7a3082a8738a00473c330f0472cf9ef2c03134971c7528b6c1146eeb642e68db079871a64e287ea1c4d218e7b2c872c20828c309cf2c730834e0c81090004da03889706fa7e2f39b54648b6e9ae69623ce1028d3c686a709e38e082cc34e30cbff00df3cc0000000c200504f711212832a647aeb2f1a4693bc39a1237aaad26fabe9af95bb4e37bee000c3acf7cf7fff003c03cd3c31cf34e2003df67aee6b62b6b6509cc614e9509529fd753792478474e54b4fd7fb8a605dff00ff007fdfff00a053c830800020282f69f6e34adbe239318b00703093e8c638e71e4dc579ccfc6c1d0dbcc306104dd7df7f0f318ee24210e10800007f61acdcb9a36588a91f1b779d22279a6ad9c1763819afa0c7073ef0c345537df79a490c30c7804f38c15004f2d1ff0017355b9a01b31e1de975ff001705dfc68e6ab434d59417d0d74ff8c37fdf79855a410c77f7904f0cb1cd3cc217798c7248fe7a8626153887e8025ccb53c1dbfd9dfac6d461172f37c37ddf65b4d84dff00f0c3538034f3cc3c25de437fb19e991e1cff0004ca1de22bdd8f70cdd5116b5c502aa63e89f1ff00cf3c4104d77dff00f2c3d0003cb0cf3c5695ff009c37ed891c6912ae5e2c5aa7cd5714484b9b99c7e4193ebe2ba3ff000c3cc117df7df6b8c3d2c00c530e805695ff00ee3de8ea793ba10cff0097e8a9e3907809636a76556539cafafaafe30c3a45179f5dc634ff00d3c00002400014b55db477f62e89b9d3c7425bd1aef39d36740b5f47074e6214a2796bc37ff77de55e71041f79038800308b1f1ef6ed077e4fecf400e18fa95e5ea7ec11e651350d62254baeb3d3b969db0810f31d924176fee152c02802802e0e70ef0ffd6df124c3d2043910d05e6c80b5f00c47998b812a5ca359e0bf8430c31db057fe38f1035a626b6eb2bb68e33d2ae7e64323a41beb8b2224b4c6c690142dbc43d81020235fe0838d3adfff00fbddf4105197d810330f3ef97bc3ed3fb5fb4228b38c6b8ef007ee1ebe4c079ae00026d27e83efe2b79cbcff00fe30c7041041075848938b2e39fbc3fd7bdfa9831ed0577fd86f99022f83a97e6dff003b529d5d8b7fbfebac75ff00acb0c30d114d47d0408080800ffe5ffc3ff050ed043c16a24a9d096efd0dbfee5db3d2767f1ea3fa20bb9d7fff00ac3ac70c977917d048ca0008097ec39c31d2176b7d29674d8e029943aa5258841cc026a26ed2e37a25bf2e76ff00ec37fbcf956d07d802000000493bc7ee33ac30624df36f34db96e209819e36ecb06f7c55b656dc2d30d3ac3ac7ccfec30e347513c202540002001f6176b0d43913fa14d7fa2012dae08de73a61520db000a78b6e8d30fb1db5d74e3dce183051034f2c10008045bf495433dc7c17e29be39c4890adf62d044b8c9897c04110a7f7bfb2cb3f7febaeb58a7b1f4d43c3084000003430ed179f3d1328dbb301c53e26ff007c52bdca8fbcc3d28a91eea9ecbceb0f30cf2ff59ec85b69c3ce00020300045051a65120904bb58bc851bced3b3cbc31f450c969ec91e0dc515db8dffcf7fa0b2792094f7c73ce30000c0805535d375400df06e2a89a50ccda0b564c67301071b88539f06969e5d079ff00dfc20be6befb0c5d718000000001041045e5511cf468910dd09ec510da675335cd26fa932ea83f8665e79171d45a4478a08ef80471f08034c30c0104144195550e97876a42c502269868e316702457e67a200437e87d34d761b4d814bbea9ac81041200f3cf3cf3904535de5091e8f5717c9be37656a83351c178d5b3e19e5ec3eb241575a4100173cfbe196e8422180cd38d1cf3db5de61360ceb4b340223522e3a83f61d73fa20177126038af3c4d5d5525116df0473a5beb9a8c7028c04000431f491790fa951995095f1715185715cf5bea6edfb6ac3071e9db18e16f97577cc1cf260b6fbe3cfe5031df2c30c30d77af6ccd6feb6b10c4ff9f9878cc3e7b4e3a80874c462fd3436ea642c4ae33cf360822bbcf7459f19c78c3ae322684e4dd58cf3bcef86bf8e8777f679cdd4222d5c3393bb8ff9d85131bdf3f8fb00861af2ff0036cb051c67f489d85371e0763965004edee72ef7ca575dae2107a0483aa76698750ea0ce51e1e5ff004190ff00bc82f3406228ed7b0fdb5cc8ed7aab36292954fa5d42caade2bf1f75127ec277d3973ef6f5d428034472f99cf7f73800061bda328c3e36b08fb7ec43ba21133388cd1af6c1f7c81af97712af75a9f5bce29acc3f583ebbce559d236218e264cd7e2c7369bbbd2ec8015a1144ea52767fcf48f361ae35fb95d532047f9eb3cde001aca531cc7ff881a50ff55c80712102a03b832cf82ba6bc6354b82647df3a1d356b66f09c2fb37ec7b6f2cac3128bbff3dbbbc96a1fc9873cf37d3d740a1baf69946c78a80791ded171fa3e7f96487fff00026f533a8e1eb3cf9e6899e8cadb38e7cab1b3eb1800623818c21f8f161466e204f5d1db6665c196de92bfd18df80cf238c53eb3ce26b692f87dc3c0d32bedc38b77457732380b83c277e8d39528107a6619d01842d1b25f7659c030733b3db2f30c30439713b8028ce8c04b320ddfc071a69b09965c01784bd32f7fdce939765702943eea1ac49d3fec1aa73dea053c30dfdb41e296e2c97f11a9e94c7dbaaefdd12b92b8f86d57b8c100574322af480de7e951bfb738bc6736533fee2804a1fcb09978943deaafef5d35a7bf52ae4b1f3defff005ee276c6cd877732f0e330265d1ca5c3cd8414590eff00572053a0f207d1ea07ba28efb73ddf9c81193128183e1f7bbcb5f68bd61538c4ff00a0ada1b32b8c72bd1dc1e4f328007aec20b46b29b2880bf30eb3cc1e7128b04d4da54a260128aada8f7dba60b1dd227a65c8bcd6fc089825ac8e726fbb0c120b373b008de35920fc7fe49f8c730c93c8dd8cbba1a975f94a3541fa8d3f5041dbd3efd8d87fd471c695d0212419fea061022a3bbaa3bf8b8c2101c38b83cd20402b0aab72ec02606ca5434052bd09adbdc000028db06df32d861fe04ba16b9a584c1b4c4c71fcf92b0905d50aa1f9465b43158e11f3ff00fa91032e4e3f36a024aa1ddaf5f0a57e9a0ac4ffc40026110002020103050003010101000000000000010211101220300321314050324151136280ffda0008010201013f00ff00c0d4ca6288a28d25148d28a34a3421c194fe724d91814571d0e087063b5f2a31b12f4651b1a6be44570df1b1c5af8ca3eb356355f1231f61c6fe1c63ed493f83156fdb63f3f020bdc97be85e9d96596589ec97bf1dd636596379bc5e1b131b1c8b351a8521313ccbdf8ed636365899658e46a351649f61b22c948b2cb350a4291191658fdf8ed6c94872350a459a86cb35098d8c4c6f1659658a4425dc4f2fde5b1b1b24f29965ecbe344262c3f7965b1b24c7c4b0ca1a28a28aca3a6ed12f1f03f449d0e458d94696515c9451a4701c4ac749f7a1bf80bc1d5f03cc56291a50e0692b85566c635887e487f0133abe165166a46a46b46a2c63dd66a3533532cb2f31f2be1753f43c5965965965965ecb2cbdb7b1117f0663db7b6f85965ec445fc190f6537e08f4a4cff000ffa3fc3fe8974dc76bcd11e95f962e943f83e9c3f83e9c47d36565617c063c21450a91a84ecb1b24b0843cc44c4d0e48948bdabe0bd966a351a99a99637943c213351a8d45ed447cfc19aefb6b14f2f2863d94515ba3e7e0cc7cac785c51f3f0663e179431f1a23e7e0cbc0f9161f1a23e7e0b1f2597c8842f80c7c2cbc5978d385c0b0be04fc61f0342c348acb178de8424c5f024ad61f051a4a28d28a4515c0842f84d21fae88fc490f7d965965965965ef443e2487cd58b2f6a22be2325b6cb1148a469348a2561bdf05f1a5becd46a2cb2cb2f821e3e158d963631fab06265fbed8e45965f151451456fa1912c522cb2fda6c6c6f7d58fd1fd2c2d966a3516597e959659a8722f85edb2cb2cbcde6c44bc2d8914566cb2cb2cbe5b1c8d4597c8f8af7409bee2cacbdcb16597c363917c5587b1e2f961d95976c598e18f72286589965ed6c6cbf4a59b2f89224e950859888686b6d91c318b16262786c6f9dbdad0f962316c88b0d0d6d8e18c587843917c2f62c3df255c8b142d91166486b288e1e10c788f3ac3df5686a9f1adf116592594218d88449e638be4597c128dae34b7c45b1a24b11112788e1e61cab36392445ddf04d7ef892df116d68922386c4218f30d8b8162c6c94ff0098e9bdad6c92a7c115c09a4c4f7345121b2221e50bc6c5c1659290db79429d0a49ef7bd2e1ea79136bf62eac911eaa62922f64f115890f08fd7159658d8f091456109b17729e286b0d5eca285c164bbbd89b1751a17585d44cb43566922b121e10d6d5b9e68a28a28a2b1162eeb2c6b0d704698e3fc2871a44a4ec4f0d628ad9193353148432598f2514515c088b2497922358a2892adad8d9d21e27e193fc9915dcac514514693491892ecc8f910c79892956f7e840a599f614ebc89a7e0946d66f2a2423448d2bf4c92ec4bf26422691c77c11d4fc88210c79892e3a2b8e247c0d329a3a91b43426d3232b24b14ca144512287134935d87e59058921ee893f2404487989a70b8114514566b7f4d8d0d7f4a3a91ac2131245228a1222bb0d772913c430c650d651127e48e243c2238fffc4002b1100020201030401030501010100000000000102112003101221303150400422411332516171425280ffda0008010301013f00ff00e07b1c8e4cbdef6b6726297b0722cb7dc526722fd5363f82989fa86cbc17c04efd337f197a56fe427e8dbed5614576d3f42fe2d7a77f02b0a28aca3e9eb7a28add2121a12140e3471388e23582f9ef24247138891451c471ea28f412231271211b380e3d4e270250e84a235e8de090a2288a2388a234281c4e235d0847a897427121028a28a1a2502711af44f7488a211140511c45138591894714497423110d589158b44e168946bd1d1424462463850b0a1ecb6bc58cd58d925e890a228115b596596265962d9ec98d96596597bb35553f450564607110d9c9165ef783c2cb391c8532f7d65f6dfa2d25d45bca5b72685a8c5a8298bb2ecea25ba7b4d5c58fd0e97962d99c47067e9c8fd191fa6c5162161451c4e07047145228ade5e192f43a5f916d456148e28e2560848ad9bcd9354fd0e98b6a2b6a7b2783dd6ec96d48a2b766a46d5fa1d3f0216f6912d58a3f5e3ff917d47f4435148bd9eeb66c9ead2e887ad33f5677e48eab14b67bd791f9f411542dac9338b6380e34244109898f65b58df42511c1afc0a12fe0869fe58e8bc2c7f3d117696291c4e08e08e2962b0514ce071def09787e8749f4c531345a1cb06f6582672390de2c9f87e874bf22f80fb2c9f87e874bcb10859d60bb8c9f87e874dfdc2ec2c1a12ee327e1fa18ba68582c16d45147128addacd925698fd0256c42ec228ade8511aa1e37bbda7e5fa0d2572d9762225b5228a10d225e4bc98c724893b7e834a4a3218858bd93a3f519cd8a4ce639339339318b2631bebe8a336bf2458b178ad9e2b164fc7a4d376842c1e6d15d966abf49a6c4216ef04851389c4e038338b2b16326edfa48b22c42c28a1084d168e48721b1b1e2cd4952f4d062c9ecb07d866a79f495b222c5d84fb935d47e828ac1098989ed65ef65899c90df667e47f3eb2421317c0a1fee63263c6be3d14566b64c435b5f712d975932431fc9a2bb6b783b5b38ec9f69228d475121e09b18fe3d097c0d395316ce2516597925bea1e093d98f058bee57c3d295c77a1c4a2b7a28add8fc9263dde0b17f3f4e7c5e34514565263649e0f058becd7c7d29daa7e57696cc9ca90d8f0782c5f61fc88c9a69a2125256bb9395b2f178adde4b77f16f0d39f17fd09f659ab3a545e4f24f6783c5fc0a146c92a58597be8cff00e5f65ba4d9395b6f379a63ecbef509096d3595efa73e4b2bdb5a5ff3d8a7db7f0e8484b0714c716b14c4c8ca9da2325256b29494558ddbbec43c1498e08706562b67f068484b36521d23946eaf74c4c84f8b13bc2cd495bc6f7a238348704380e2cadaf75db5bac6cb2f19ab1da645ff000ecb5bd9a3a94e9e1a93a54b09cb8a64356dd48738fe05a96e9222ad6165e2d2290e3de58265965f619a88849f827d486a3ba7bd9a7a9ca3fda253487a9265ed451aefa4882bbb2e28d3fdc887ed19659659659658e447c12f193ec2c6cb2f7596aaf25b4254aac7d19a52e4380d34424e2ec6efa8c4b7b35e5d1ffa69b74da1cba758a349fdc47c224f64cb2cb2f7647c127f26f192b46bdc66452714effd2528f889f4fa9527113b43a6354262a4724724390d9f532a514694bece9fc9393e32ea683fb9ff00827d07da88fe52c7ea2171ff000d29798baa12b8fd8953fcb39384d7f28d29dad98f17e0fab7f7457f4684bece924a9f535a72afc38bfc9f4dff005b3ed21e4f6fffc400261000020104010206030000000000000000000111021040602031701221418090a03050c0ffda0008010100083f02f97d9bcf09dce4924926f3c27645d8f9bceb539f3aabfe06d8cf7ab21de49b4e2ae6b589e287d8ef4d85622207bb41178fb034f34493f5255f268f797f5a55eda97bd06c5bab177b18bb24bbc88767bcc9509e436489707ac41594a1f5fc0b099e215455ac3b5367d04f226cf5a6757c2a163c8f5b7d0a78be2b02a564f5b9b53c9e1c11af3caf0eb8ceaf2510542d710c58e881d22e9ae35e68f4271d922ebfacffc40026100101000202020203010101010101000001001011213120413051406061507181a19190ffda0008010100013f21ff00f9fedbc18df86ff70581bb5df76b0bb72886e7d4b83dcad4f721e97a7768f58e9fb1ee5d4eb6ed0ba0eedb564fb9d5c30bdcaea1e2f5405d6008358d3f7c262c15b3b9b8809f7fafeed1728974fa9037d2da9df322e644a333188b99b3bb646d9597e98e785c37fdc686378a6b9bd8caeee8995b6dbfd6376ef493bc5cfb9ba08980eb6e6d6c9bc04ead6ad9b8ee78dcadf182180cee07b9064a1cb126bb9bf9dea50db7fd8fd4d4300fa9e653892c56edbee17bc55d4e027368352f1acf7b8f49ae1b9b77711f78d1bb84b47ddb48d6d1ef085ef803fa8ac222f7a6feb22ee1c36c71381776e2ddb256b645bbb9883cddcc336e1dc33edeee16e223c758dc4f768f501fd3db2208f90e62e5b6ddc716f89d31196f77bc30f32e705e7075e03cda3ff65b79eb11d2491b49eb70b090f733de281ebf4c6528e2e5f33beed96ee96e638df5e06edc399ee1b7e1be6eed6f78ddb88e213704737069ba771b4dcaec9858fd29bbe88fb5c7d5bdc5bc6b73d4dbb73e05c93dc3a703aca9703706d5e1e1be2deadc7a338d6d0ae2e46daca908243d7e92eaf7b2b33ddbdddb7071704c67831a831b9632be5bc10e07ee62e9c7acafbbb9ea1bb2dc3b6ed4fb4d02dbfa2ef05fab4de6eee716f73d637cef06e396785a9dadf8ee48ef0e0c6e31bbbc130e121d43751cc9ccb0733749746e06dbf45d88779ba44d6b76a667896de17718f57af05bbbd5da33ef2786e71ee21cb6f51806f1d5f4c06fed6dfd0f72deb4cfb97736f6ea744bc61f84f81e0c78ef2f76f239107980f52bfec7781f5756ed44239e7f43327b4aa2d995bb5d3de4598efc1725bf1de5f3ebc848ead45d5bf77782ee3fb6b0d3ae61d43bfd0376b2e512db2e8883c839beded972c677e3a9f023e378724f70e77a948b7817b88c71d4d4cfd0342ed0b6f831dbfc9bdc7776d63ea70773e1abde3df8983c5bacb7ac1dc9751c96ede1ee4d3970ff00dcf16f716902f3fefb8c2244270bcdb3ac0f76b7ccc63d635045c6a5d5ead64c7b930618c3e039ee13b64c6e30637c6e588e5a6453f78ff7b69ce797b8e665bd90df2df4b93ac68c6b8ba2e2dcdc6b56e2d678cfd4dac7af07067d43a898e19c74e0b8dcf10ea494c5c4676b3dff00bc00bdfb4ee555ad170b7df4975c5c6b7070c6d6aeed717bb8d61399838b738d5ead7387abd63d5af11263596a4b58eee5702fb174d6ad4469cc30e7f92014e22e0ff75843cc872cb71e2def9b98509ed771eb5740836974870b3b05c86b1c479c0dbbddef0073abddd65c6ad6a4e31a8c6b06b8b56ae5824470ee64df627ec8d31cf126a5ab45a1aff75ea3f5cdb9c1fa8c704b8b77587abb2dbb9daf25d32e771eed1c5c2d6f0d439830d47726087125a6d98138b5ccc376b26e860c27599ab5c61db8f6235ff8c7186fa6fb7ac37ddd3fdd3944b8d0b7b674b65f707193e6627eb1d24d1b8d2c438b50776c48f2b2413d5ac02d6e3c4c61ca3cdc6e58f05a0838c8d641ddd36dd8f52f528f51c2ff00e975b19c41bbaffb6b6a573571e98f720352db9ff93d7fedea3593ddfdbeed731a6a1c416b9bddadb26a1d4f73d6d4c4fe20931af78768778c240b50ddad5abb18756b07816b8d60370ee68d18d5bd86271b65d1fee2fa41df587a356f52f3768e24baa6062e4c10e6ed84cdea384edc1304e0eed45c96b268e7003ab52711cc300e64b5ce0c1188fabb439c5c2912e33dff00b80a48db6fecb9c0ee277adc0c373ddd20e7c1087181ccc9b7009b52490b8861c4b6dac0716b87178208711e268439cbd5a9e56b58108c861dcb89fee7d0bb33d17f6dc1093b59bd3ce030866f789fb93bb56ad4189334c38b5cdd23a8711d4339ae8938b4820f00705830e06076917dff00dce45c56538ed9bd4731f00640dcf6b887308c0769d605a9b7604e617383961c6b01a85ab86d5b2693a6604cc1318e3396b05a5df998f0ff006d8576496ed709bb86a3adc752edc6b10838846124cdf0889805ae6d24303069b44ced91c530c01cdab516ad600c24933f8da9923b8b7d9c5a71a3fdc2aa1cb33cb37d5c9c1eb008335ab568b95af334d61c190623060cd8c728699c07c0356ad4c490c6b3e18c7982d5d3fdce0207de47313cde8c0c104236b00924c0f308438f110620b5688e50b5112d5ab56ad5a9230cd612e3b437b9e2835fee8baeef8de020e7008ee08460b56a49c832d642430388b51188731b586d7938264ca621ce25ae5fef089b624e0c05e0b510870dc65c1832644c96a1e00cc438f2e2524c99dbddfca27096b0db0c418b9ffbdaed7f130f7e10d7801c5c723a41b4b712b76fcb5e01e20e08b4b5b59fea4cc6b7bd46fb2073ac25a21da5abe3fdf9a9f580e71935260199712edf780d7107dc1f71f75a31804f223c03cce971eb1bd4644a629b766275347233f4c9e41c0369ff00a5d5fef0d9ab8e92f65c45ab525a824136e55bfe42c38b6b78a37f730a36c23d6d9107c9659e7a9d1bd99e3bf73dff00dbbda3038f51cfaba5c375e20fbb50ba622df871b26a23aff7c9dd733a46e88f0c6ad600b631ddcae96e753bfb9c6ad5ab985de0271dd52b7e2b8f525b09e2cc33b9ad5ce131ac5d11b5a7d4ef80fa2d653ddb64f3b8b1fef812d83ea0e10e3e0ba9ba441e85b4bfb9addaff0089c5bdac09c66f8d4f06e1f12d6237abae01d6b130180846ad16ad491b8b581bfd08080d41a1ff006e8cb3f7b47ab58fe30d27c05ad7c7ba9705d6188c387d5bb174cccb06f01e04699ddcc1194e23a5fa12381ffb7acee4ddab56b0981835cd54deb3a9f803091c0104cb30f3a62d5a93c4f13a875fa01da8bffddab596d64c102d60d715c0d436e1c4c0c8c8ea5c046d0b47855c5a927278bca96c7e8076aeb635e2e082d848c3f5367ab5f79d257b274e4d35808c221356ad60e0c4440c96c3d4f498e9245a5bc9e067087f407a873f171bb76a4ae847659889fa4d1fbf102f4db8623288215ac33936e497bd97e96feadd820bb8fde1ebed106223063b2e796c3f40e6be2ccb2db9cc2113aba6b4b6cdbed8e583dae2f7ab5693e01b5046310c0c16ad46ed74fddb5d386ba92d756a56bd6bbb5dec234891c441e0c34eeaff007db63e09382c2beabdfdcdcdbb9bd2c9a6f70bbddc316d51cbc5abb764ced10e41330b5262e74e576b46e2d26d5cdbc4d5a5a9d9dc7f1e0707976dd5feff0074f7f0d604ca4ab7b6b46b706b6887168b520238971a16e3885b7a9e56b50878266d5a9372eb2e1ee426451116988d9d0884247a94c648181e469feff74f6c841839b0cde30fbbef429dee4f3761696894c35b41c5ab50c09f1333e062b35bb70dc3b8fd7bd1ab7bf50f08d7210716bc8f1fd0b4c118d49e0063467d193d0ed92756d80b8f5908c09c3e096fc3c925b7b23f8b7f4c378d5ae60cebf46b7e9c11e1a9ae22ae4c1c045c820ceb04465f16701bb16df503245d64d7839f7fa17df823c75231638f589ae011e22223e1d498388c1ab5e4dbfd14efbdc4464612d4983e01af31111e1abaf2d5ab5e5b8cb6bf45bb27b8c1818f26d16b016a671bc0c116b2cf9eb260776ad793fa27dd7660c1818788f271a999970222213386d60393cc3c37e4fe8574bbf25bc8f9ead6196572e25b87c078b787078620db8cefe47f44869e08f023e1673bbd63c78169b913cf836dba6189bc9a647c7dff00423ce4c1931bf2659cef6b0ce461b76fc756d94311f131967f43ecc08f13e0658940d64386e26f2be0da1dc310c3f1b967fa11db9ee23c0f3de16720e15bb78194e12181ba44a1f877e7c6393f41e8dc1e0cefc77e0ccccb26e580c30dbb7334819971856e1f958c7a7e83b49738233b8c170f8b325bd30e00ed9a6de986186dcb10e1ccc72a5bb4e7986ef021c6e1f8d8f3071fa179b576c96fc86df8ead4f9c33c21ec9502ee2ea5b73adcae26c821b4719e0184796f0f8b0e70747e83dd8183064cefcbd5cacd356d194bbc4e8468bbb9c82c0ef768c1c1f03e2c8da3f42e47888c9e3bf0f5725b67df112d15a4e26e86d2d266b1da302488f2df8b81afd0dad21273e46776fcc4cd2d70d5ab5980b58d5a83ca7c6c39babf4360620d9f1eeddbf2d781e09f82ddbf13b875fa2f5869f97718de376ede0731979ef0cfe8a2dbf9198fc7bb78de1bb76ede370c64f1bb76eddbb76edcf89e7ab47e8870c67e1de376eddbb770cb81861238ee5ceede772efe43b6ebfa2b31d90f95bcf71871a105ab33acd0b13795b76f03ce0f883f4370ccc7e130b3bb76eddc20972dbd626da95c38dc7de03216c85884111f016afd10ccce0cfc496a6e18846a9eae6ea1fd43fa8dfb23ddfdedf080ef30beb1352d8f56bab72528b56ad79ee63f44670cccf72791e0ca799b7e1cd1b77d09e4e2e34f1bae2404e518d40c84e51e27c4b51fa2b9666492d7c0cb86a205c1c2257a88e1771ddab5e0b449825a887e0dac7e88cce19c0da617cf72cb8d4118dd8ea2f78e2dc380b65bb7e0d5aba87c4fcc3a21fe63970260c279f35971ab59de05d6dce25247dc9fb88e79b7e2e351e5de574fd1b6c35b47854efc37e26756a616e6ddb6776db6b2883111f099d2d1ddc92c8d7e83b63af2711ddc9764f885af2d790181830210b5f191d7b96ede335374ff00ba2634f16704e1d216cfa2ee73af0d5ab59356b05ce22988850c6be12fed6eed8ee3c7824c6a70e9ff0067ecbaf2672e2316e90c1d782d4f66420b58698197ae4d7c9a5c4d85d8c4f9cdab5935feb4e356b2b22de1c04301e49ce1ea106cf04860c181c96ff03d478d418f5e3ebc359d49fe8eb76bc3909ca44c6667b9860d1a6e448e21c796f036edc36f3bb78df86fc9b65c3c2a79c47cfd793820ff00206b76f9ca413c18cbbf0751333dccc96d67d8c72487111f3ddbb76e1b78dfc8b6cf0039bc10e6118c4f3d5ab4c96a0832cb9d7e7898067568b8c736ad36f2670e01b6d606192d5b8bff0072eb246c617b8c3e23116f3bb719df90ed174c0fbb753c5cd0c0c4f89c98d5b6420b49a9f94ac5d4e4b5e2e42c1c38863509271a92dfb9ea7c44e1e961c6bcb76eddbceedf99b23239dbf987180c475f20e08f03823c13375f8a26120b5f2889cb26dc6a70492d612de3707e99e12d487702de756bc370dbb76f26372cbb83339dcdb4cdcf803e41c1e0bf11266bf04170903c8793930e5c1864924931a92e40ecc0c31300737e1ab525acebc58cdac16a582c8fa7108c7b3e319c197e63547ca26fb601716eddbf0d7c2461cb82d6130ce5c380fbf11871d5f75bb7f16eddb99a58c18a581dacde6878181f03932fe03586be1db06bc356b3a7072659c11870e4cb24925aca5bd7f3c4d61ac002de378ddbb718de1cb8030ca653b4c64046082fac0f81f848f9359d26ebc030079ebc1f2672272e4b59492492d5a9205137f0971e098707243b4b5b5b5b5c54da88119594b39ddd9d0f00647c0fc247cadbb70f81b7ccb3e2f809c38623c124924b526138ba5ecb83a631ac6b3ac68c84d4193c16597077205a12eac0c9c1ef03e04f84f95f37db1f39c987c4f8381870ce1c6a625ae27f557146756bc356b00f03c1996594eff888878f008c1ef03f0023e570f804b5f8ae0c9f06230e19999ca71105864450db871ab56be470b2ca73cb68a08f10c04182d7311f16b5e447cefe29c1970461cb91870cdab525ac1cb933b238e1c11f09e3b99665963fc318350e3073064c7b8f893c88f91cb83f0df17044b96623c756ad5ac1c49e1cfa3fec7c5af074b78dcb394405a720b5c600dc11931efe427891f3b8307c278997c19c8f07047c1ab56a485aca134dd7f4c64f9599970deef082d5d623c7ae27e52781f80c47c661c997c1f806d47ca2625ac0a8cda1fc1666d1969010416aeae01860fc106b047e091e7a9c986704658c3e0185c9184115d5bf0373866d5ab963b3cb5e2f8396d5a08104181c306756bf0834c47e09f0b3930e4c3397021859c6aeafe31037536b0ebe03a92d499124b53afe0eb2e05a824d663c9d98f99376b51f82791e0e4c38232f81cdbcea413f6af5d4bddabffba7e2e9f06a49224d5ff07e27c7506102d60246e8da830773836a3e7d7e63930e08cb963c4a16ff00e186573ac7103dc0fc9a924b50ea9123f0f481f0d5c8440b56a09bded418ec4eb508c173617ddb1fcd3ccf17261c118673af176e0b5c8af4455f2e9bb8bda7c9a92492de69dfc5acead8c46a082d618f3e0f306a0f0882f70bb950dfe33382266230cf83878b7ff8b893e1870eb8bee9d08fc5ab56b06d68e3e2d5ab57bd6ad410675b20efc358dea2f7e1b80afef844b67f86ce060c64cf8bf49076c8f5f06ad49e084e4122d2dfc290a6a6e0ebe1d5ac4682082d6161bb57b5b771cc780bdf82e1c0a40437f48305f818fc766ed833e06ef1b9facfd9be9957bf2d7880c6ad63530fb56c362d241c4dd7bf06a3619f5fc216b4426b0ddb12e8b96f06addb7eae675f724b593fe70ccf983ee3ef0fdc505b3f21f16f7833e0eb6a61acb99f208c8d5a849cc5ac8b704eccb61d5a18f771c50aff00f5c4ef67c06bf72247c758d5b39701e06d3dc1bb8a0704828c7dd7f7bb94fa9ba44adb3dc70d4cce35f008ca530d2d9f943167061b7f515bdacb8d5a8840c9ab5093c8dcafdda37fbb68dc07363996899e6d4782d411ebc93c3b59d4cbab49036ede5d1d0f32d6d9246ed0137d813ee65deefedcaf2c2470484e356ad5ab56b1ac910b50c71bb7fc9737061c01230be4f902089a924842d5acb3729f57378df15238dc2707314dda639cde3c8008c8df58213d4eee2c27ac353198ce09abb6e933471a703982757df0c77704c05a92493e400052ea9e85c32f32dfce7c4e6e0c3e0cf99a0f16492d5ab56a4924d8da0cb766020d8a4255ea78b5919cff00eb82daf126244257a227fb10782c44b041babfd97122e037697a8eef190fff0071dc2186493e3000843c19c986bf25cdc187cb56ad5ab56bc99924b56ad498b5698f1186c8f05bdbe8eeda3d4e18249a36c25a646378a26c7c39683fa5bf0ac24fea79b58bc2e3984392da938bfe087897051e7ff63ce21c6753e01af206ad4478623e563e37c0c61fc14b52496ad5ab5092de96c8b5e96b7ed6f93fd8435bb788c84649b5ea76bf4dfd46409a86b5b75a30b381b5182f081ff95b2b717ddba37fec9c4dcf56b174d1ce23c756be6b50f98fc8f818c31f83a924b580b5805ab7fc777217bb673a867a991e3f56965a26e00e996c831c2bd44ec7200c386b30cd7151da5ffd98071aff00f2de424806ad5a6eaa3cc7f1648f07e53e0630c7e16a4b59d4216addb7d5c87d4eacb893d12d77ab5a316c1ecbd116ad4af0dff470cedf04f1c0a61dd0775ddb93ee4591aa5b28eadfa75d603531d7fc23f8ae97623f29f331f86c9830c31b083616cad9dd6e0db7965f44997d842e2beed6b4e9ba612d46eeb3f1f6dd3c2d5bfd276e3addbb27f84ae8938ed70c4fc5b97e598f33f11f36ad41b895ac660f85c4e49ded298e39b85f49ec5ab526385a1a7bf89e962bd466f46fbe3e8b8075f59c8db3fed0e47f67ac4fc507bfc1ffc4002610010101000300020203010101010101000100111021312041305140506171816091a1c1ffda0008010100013f10fe36fe2dfc1b7bf2ea624b3e23f0db6dfcdb6fff001dbf8f7e3975f0de4b3f23fda6ff00487e0f3ff8fd387f8f9fd16ff19fe9b7fabdb7e0339f338db7fbadfcc7f41ba43bc69cbc1f9b7f92fe5dfee378d7b7687b949b74b4b6380db16fc33e1b9fdd9fd2b6f53689009010b8923a9a9d31bd06de26984e9601d854b7111d777ea4091f62f763b71a81e8819ac378db1c67f337e3bfc5dfea18d470702facf5ddd249ab7bfd1067e0ee463b85d43e4355ca22b51bec1f7592c10cf8e31e12c41b0d555ea265ed142ba45e332587d3b9875af967f69bfd2a2ee3be5b55c48a2bea35dc8ee5d074f2deaea4bbfa8201cdbed7abb9d2f16e0e81ec004fb9b7ac2f7b21e969faaf53134b3bc9dee1dfd5e91a5bb89d433d9aedb1bbc781eef195be9887e1bc3fc17fbf79ea77e9b72f1ee05cd4723ab60c9766dc8600bb9dde63ee4a958d7df2cc71a211be00f09003bf7760fa945cf23bbf72aeae906631937ceafc81d1d2018c0f1617d4b6b416c8460c05bd0fff00481eae67ef78db4b637ff8dd8cd6fbe261bff14ee3ab7e296d5d596dd8862fcc981583dde211da54668c70f50c7db2a1c35d9264d1d91803626ce6e84d3360f2759bd4bdb336ed19dc21bd1883a3b85e8e74cd17519db29d64d9059fd61fd1997d1114346fd2c9cec47c951c8696cc124209629c25073a87033bba1d9f032cea06dac5b87ddf43038b0e8584b07325d4648ceb20eef7331ac9f42c2cd1d95dd8f96bb474401180845fec69bfce71e96df73076db668d32419b6b37da7b1dbea36bc6ece2d6240b03b6fbb057a4e161865fb2ef7c9d21ec6fadec8ff534ebf51aba6147087d12ed123ab72c33e446dc2eb18374f24c0c46b61a686c1eafc99fdbefe26048712b1b09766c9c76f027306eacc969746ac76163ea3b65d1939f1b6966e128eeb63d7eaeae061f90e9ede90e33e91003b76468b1881ffb2fa98bb202c6ff0001b0f4d8a0bab1cfd86eaebd98842122e375908ff427f499ce964fb93214bee4de9c830392c13eec775bb6faa5864e67b24f42c0ecab384db92e93d070f0b1127aadda18dbd750627029975461666603e25b1b0a3bb3f65aed1fa33211afa83f73f63ab275dc33c9d7b7dad9e9756f4c06adfebb7f91b321107b0a84d2c4db5e3ecfb6c2a099c74816703b66d6967db3eecf76ca46777ea7cbb3a61ceacde073830ca12d25dc9ee11c9d3b27df7f72ea2f56bff908a2346113a873209decb717612024f89b1475af658d887b0dbffc1a097e64dd043ea16c8ee8ddd6f5be4b21e6c2749fff0027ef34e0748c74d85648966e92f70c16180fbbbc31e1bd17665c98fd9e98e92f88efa9638c764c0612c0884490eb47a6594db1993977932387d2782d2ec46e8fdddff62ff09cfb9f624d5d25dd337beee8819d30ccd67f433f115a87311935bc17b658751dc86dc6108ecdd33114c772a0b45bf7c13c6d021e88cbb1f1bc83d367cba11971cbb0965b3a6233dc621bf76b90cc715014423e8eb3e4dd1877fb6dfc8e279da0365d7dd65b400bc107697eef694b3af2cee60727ea5b15e07b3fece613c86c07a87b96126d1f678f2f041a5e32d1978c60c22c21c23b8c43b5482975a912608c7ab0ee587823c64bab52703fe1791ffe0559ebec2a94d0ca6c1cd9461eb3d48edf563cfb9770c23e8978f483a06ef78fbed8d5bafdcdec2644deb4b511bb6c2b6f51db2f77dddc20dbdf23dff67a61fab3ad241933442b0bdcf8cf270cdc0c37fb90f1ecfbc88e9268903c14fbd9a4beb7f764bcacd547424a0b932eb0671c158b74fd5653dd8605953dfb9f76ecf73f6dd6724674705f7b3a4e8b07473bf763bbc37a93bb1a2c745deeccfd5ed9d230e5adf2f4d2cc6ede40343130f9b263b2949ec3de201d80e498cd77c17ffb2e03ab62d3fb241a7f38fe26fe1d3e0c4ac03a5d7e04fed8345ea79ebcbb719d4576f938e8858b3439f71d4bd5a5900090ea4ea0e1b3acd2dd5c3c0f65d19e9643b06acf92f97ade8b638b32d080ce4dd0678f10e8641a7a474b23bec6d07af21eb647e9933197dda5e4363bf63fc4a7b48501c7dc7f6dbf814a358f2ffa9636f53f51a82c0c7bfb96c3533a2afbe40dee54fa8f4e41bacbb422633e04c9c9fa5d727a7261bb61d3619b018eafbd99bb7a21d6d91d4b52f42ce9b08ecd810d2e88fdd8331a12999ec7bb41dfa91d4aa7979ed8d23a222f5e5b4bbb0611850444cf81f80febf6d9648f6223681bb35ec05edd372c3a09015eddf4e881a0f09e1990dcbd19235308d127abd69e4a07d9f6e8b69d58d3997db3dbb78b3164db3b9bc2d2ed8edfb487bc1db0cbd6f1dcf8c0c1d82308c3a53c92997b2d6f5769081fa6c22e4f86c1c77a6fb6bf346c8e981337b24cd2670d994b193cfec77e1bf81c9de76d89de0f8131ddbadf963b7d6e8cdb52b76eb6c0421b9b7f8f9785fb6c0b0508af9580b0600beaf714083a4f7c239e497423bcb7a440c2b610fbbdc40cc4b324cf6c211d65dce14ef222874234c3ea63e11d45603b2c466764b18cb41ef24a65216e043187d31745f6c2689a68d4651867f7c2ac1d4f94cb646359094c1d9f09640588d764278783478581e1edfe30b0012c43cba7acb56c1ad993a909fabd1dd9b89373fcb4303b59aee4dc2ebabac1b93a900d8189bd36eea9269300ab60bdb6f3bb416d3620c34d2d9024f690951ffa5dbffef204f09844c0f6513b77c930b28a4874fc8ff25fcafe200ac63e8fb235f759619ccb0e8b7d9678591b20e9edaabf57767d4e3afdde05b9e45a27eac1471f27b68750a9708ed6aac3dfb867a77607639370723ed6483a4e9753ab1f6198c58d6dd246d9325c2d9bcec986cc291bd5d696cc9d68b49e744921f763fabecba94eff00fe0c92df19c11909ebfb27083fe27e4017d2f1f96ff69bc134bf501f421bd07651fecadb702ee3eb2a2ced45d96fbb3d664392ee9dfd4330db2acd01fd107b7ee306f73729f51c581864b089fa87104fff00671824230e5a2ec7761e4a5d10bb71b6776a20632dbb75083f724ea4c9d99181b39e368447d32659e37ecc9d6a9167d367fea6faf64830f935ca81fa8b9e32d29fdde12ef3ea6bb00eb985d0d07426ac2f5ddbaac4ebe089ff00b983d3c2c3abed9ed3fec9ef07428ed50dc1f7109d072c3b4818bd446acfa8784c20481a8c4548a41e44d1cbb1be46064e423f68ca6d180f08ddd6ea0dd02323a9fbc6a977fc9d89fa93e97b63ec634a26976349707d21fd85a69ffa4a53d3a5bb3488307b9bb7c8fed5fb67577cbd4c166891047f776dbe2744fa0b613cdb4ef6503f73d37ef64800f6deac2b7c97fc6036235005d5a454bd89f443ff00a6ccc05ac3fd9b6c7dfeaf4d90393d611d6d8ce3ba9381c37acd70dffb750cfab5be59c1db845f4eff000bab9ff1c1b090c2edd22eaa59dfc6c2761b169f2cef567d37fe0a0cfe897f8ef7c7830ce5d177de3a2d1feed76ecba6d977f6b0e61f45800facbe9fa9ba4f43fab4531c56b3a9e418dd04e473dd2d49fa92185d0cf41cbc2f5031e143ff00cb5d80296a4acf48431b07cbdb416858a3bbaebeec0de0521bdd80ecb43e494f2017577267b6e4e6fdc176d74b34765e48eac94a9a7f75e4cbd4ddaecfdcab92a6a9d6f0015b2e5884ce846e2db0752a4dd3605d8d8ea0fb8e0c6aaf1619a895b8b491897adbb209c6c10ccdb55fa09371d09ca2398d862b6f5144244642a32020517665df765bc83ea344fbb969f5657a750636fc8636f4e3e8b2013b9fddac8c6bfc16fa59613b40253b7dec7091a65fb2efcb2d72f16c0b66dbb104ca5b2cf0baa1199c667879c0ae47f98f7b077b145b189d6feede1fab77ff002d4e3a9cf512d6dc178fa2cfea14f56dd58248eb6165d948390ef2dc64cf380db7f0949fdac3669928c03d88783123f09fd8f8ead74f7219c692e49ffdfcb18dd55e29d37004fb1bbb0bb2e871eff520496eb7f84802708d2b87d8e3bfce02f1f7d614f18df7eef0b5c61389ebca83626f046706527503c249d90bbb030c90fa9ee20ee8c3501dfdc00945f7f999fc9df9e60cc6c4c2c6b2bac13f0fa234ccf0c37831f4bb08fdba93b7203e4112e467727aead0eae806411da69d864359690878901e5ddc0e9ba495338fa85f7dfa480230dd88c307782a17bcba24dd936ef0b09bd46f4ea06c7fdd82c1a7d49db8fedf6f7e1a90f5afead63740da5ff2f57740210d0384381fabac8d9157387a7c8ed699d59753c0ff0089e96df5678836f574f760459b0f2fd934be97b2eb89d56774781dac90a7843bb348d248d90a44f8913a931df764d83efea3207f78c9c3b278a7763e223841e0f5e72c1f853a4199d49926101781d3bf202531b67ce68f6ca058cf6c24776ec4ac120bb48e0272d0ead9975bc07065975478b938a09627a47f6dbf3fd485d55f76d72c06eee5d320ec8c4f465df365d044080648b4b49eb3c5921b7ba303844dbc16cddac48c1db7eac3bbebab5addfb04fab7ab2c2eb67b422d703ee1f02097747f97dd65eda444836d5a265e1666e3f987f42fb443a060fb620c762dfbb62f72e77de4fb10113e9925abec0fb5fb5777b23a977067145f706c690e92110736ed0bb4752dd9e18d9edfabf6a40d59c7767f7d97d3800f8e37635bfd24238bfa90cc0c419d4964c4b42316c7e7dc01e9d7c8fee33a6dff00a1135ba17839186dd9b08d71a0321e599ace9651823bab8ab18f631e37b555e44293da378e447b75f57dc5f525ab11632dcb185d2c887b59466cae7a5f4b56d5c492f67e97b8a07723b00e8c62c771d2cb77e4421b2492f1105bfdc2067ebfbadf86fcc4c7564aded32d7983bdc1b18baa01d9090c25377ab762b5b7375f38d47dc5e2996edd49188866a21c87b23dd3621d9b3936722dc7971d29cdd9d2cf44e31dab6bc7b8b71b6cc2d9f57ecd43a342e3ac2c7581b1b3aef6d4c096cfade31819b75081cf786700512003f5fdd67c7b4bc7575c08dd3b3ef8c4bd2dda0206de361fb461200664ba21edb03fa9ef80a1c06ec273d60ebbd480dda1c1cdbac7b311d812aa4176dc3f765044b1a435b2353b8cee01e4d79e5a67a160fab095a537e849de9dd1dc964ec67b723fbd75a4a3193aeff6cffe139387061d6ea2679bede2d18c3a95edfa866d670b2fb323cb47961f52fc48ce596de06d007db661be8458113b233665ea520d1b6320f70fb31a2010593b88abdc07d48c22d621d17eebaba20fea19f526f8d9fd5b4ee6659aff0020caff00439f9778dfe0be60b30c181fe709133a205d72664217ea0e3ef203c21b3afa9ed3ef0849ea3fc5efcb7a43c99d241a5813a79b78b713ee6ab1bd8f2318cb0861003241e1c6f37c8ff518fab31983b36c212fe8bb721ccbdb647f91933ee3c2dfeffae7eaea520602491ba7d4deafd08578eb606484f19d3c949361bd58bc90b15dc270acbb31fa8d18717a41db1d972567f6d43a82016049f26669751d5d387091efe710b386d946f01964bb0e77771ffc0107eb21643a874e0e64e7eac3d48fa2f25fbb3ec636f1e41fd5ff003cbe2b1337b2c60e408cb2438e403d4dbca4291e02eb7db124f2d63887fbc3fd92af127e10328b22266846aff3e07f033fac003e659f47dd99d70c93bbc9de1b93d898cfadd36c8e3c7d010fe8b47d3c24f95d1e5ecdaa3971ba24fa631c1a02e8f5cfbdb249fde44c6f1dcb17ea61e12fb497de721900fb2de7018f8095d878da35fdce7cfd25db826cd7839331b7b590ea598d50fd5ea0417d2f4e07f590f74f39bb5874720318422938062c8e47fc98b9bbd4b58c41f6deb427db3d8c10cf6f61bc56929ca07d27de10e9967c4d9d43208695e1f11b45fc51dfc59fc57f1bd8ce403ae19ce0fab09eec1616c94b68ef34951b12fda5a13678deeb9921b3a8d8ee7c8e3a5b34eaff0018efc5b431c19c0389f537a9253d087a1849b36d7bc2e92fbbe4c102489f5644d68116d4b503a59bae901dd91b25b52c082ce0689773fddfff003ff033e29f8f7f9eb0597f4ce09248e71cb815c4a976a0c4c68253fb4d82c69a1b6e16da5c6ce27d4c6fddb2f5bcf1185d72f10471ea1c4f6bb2eadb395de4effdb02b7c5e40f3216c03bb7e5c4908581ada0bee64fd22498c8438c39586381fb6181fe7c0feefa7fce7b01c66ce8ba2cce48dea2ba8df78b281764ea58767ec649407c2c730b1ef109102d64dbebdc6a3ab48e44dc43a21d3637795d4d6e99156c767a7d8baa3c04d5191b2f5c342003f2070e4a2dbbab066658fd708ce45924191a08747f74fc46ffc229059b745fe3218d873c813cb23d5ed85b50fd3a901996c06459fa09ad436707508df2fd8c8c2de79ef3f5839f09b7b846cb06ed644e6259aef71bfff00059f407bb677407416ba0a03a8eef72088c675c338780e1e16dda3e3bfc43fa64d1276eba7810e19c0e07785cbe4bfa86b8c13b59b83d43a6b05d81c06c2859defcbbe40164fbc9259227d793cbc620c844c77923b0f27cacdbe60ce841fa2ef02c5c021fd416707d9997bbcbf939f8de1fe5360fd31c044593a821b6ec81d2409e5ab194bed9cb42385893e37dc408c738e4f0cfa9238065b42eb7f94c0f19fa4dfa53418fd381d20e08f0ce4cfc19ce707f31fe33cbc31da3dbdc2222091bc07517122ca1200f387d190070b64fc11d27c9249867966a4c483fa8a20ec1ce72b27a7774cc9f7f813e07cdfeb739efaf845ea5a58b206cfea19363de4faeaff008e04267536f1eb08de0b564924849ed0893c7dd927823ea30fa874b782c79789984e88309921d63f8e707f4e37fe57a9c0945813d78ce30e013483cb378183252dde0c7ce0f709fd2490630d8e98f2d8ee386258849dcc9de0133ef2cf1d097a982f4bea3e07e063f95bfc2df90d0ff2181fec392895f5c3a70333c64202c4beb21d48d6dc782dceaea5d9ee1792c8e4260bbf2d184975166c84c0658241caf0ddb66678369ffc07a5d74fddbdc792e889b0d95b6af0f0c6b96b66b0ba92dc7893496c8dcb37b8f688bb0836af4bba22b65ebbb1612908c4b26f1d2f536cb78b748c3e67f728625d3a3e0101c1425d70fc12458d992a42e91065ac3e4fc900b0372d0dde3a986d95b5cdb62ee810ec830ad2ea5143db6d96deac0bde127c9c2f48f99f2dfeb9f928588656ca318c25b6c07e018ef0b8bde54427f2ed805d187582cd2deca7bc77bc98f6c99997ee41cbb27d580ea158319f6c38c23e14fdd92f5c11991fb8fcc7f2b3f88fc581fd70b5e0465891add2d895d23cb192cce0192bb07d59ac8e1c26a2b46e1253806f678746e252700dbf1d99ba9756b92cbbc87cbeff009cfe2dfe4e432e88ba49b62d95b1c643d5aecc50bafa2dbebc7a716f5264e18eb0218e90f81c5d176d891617246d3803ee165baf9367778640bed9b86783f8b7f39c6591fd277a3c0511106121b4906770cf9d30efb23c4e0eeeb76443acddbbbaddbd728574583dd87acaf18d474e31a7093fd2db61b796ceb83878f661812dc47e21e77fb30fda64d6fbb0cba9430d9dc96432900b38ea6d47798bb6c1f85e5c47956fbb912624e8da6b00435d08cfdaeb91784afd4b1ce21eee85a4273b7fecfc1e3d0b010e9f963f1ecb2cb2cfecb4107a84619c4d63d8618738556c5ecf9931c8b39b7979d9366dd9ab657452eb4ec66c1984f6da2c10fa88fd9251035b52e8f850db0e432c2d86c672cb3dbd9ce9fc95fc9dff0029f25b42f56ca1ee57913f804b786093b5a43f8f648fdb67b68c2362ddea435246ed3abb60f043ec273e937ea46d8da7869a70e63b2883a88783851c337abc58bbbdb1c1f833fb666388f56daca4ec2c32b61e37b8823c1241544512ed070badb08f23f458fd583e4aa266914e7e41fa94fa81f510e34b27937cb6dd8b7198b1c6ca0d6ccebf19f80febdb533db7049377d444439286de438108787c81b5bfc2ff0038246626580fa822ce19303b08c70c3850c30db6f3b6f2d04439088f89f8cfca7f31f83c0fec9c478e7030c30dddbc690888418619b3821272084b25f11c86d9869245b090db63388d436db3c41c0707cb3f827f50cccc759c09c8c36db6c30c36c2d9439c3663c1bf0803c636db6f76db307e48dbdcae7503f71c7acf1a3b1fd9efc308fc2659e1dc6ee793d8862db6d8e41b213a323adfb4d66913be5a4fd97bbbafa98fc73d0bf59c31c2e1c77ab62de7b3647cf1f89f937fa0eac3e4fc1e0caebd2117df1e470b0a44deb806674ba9226c3c36ee82d36dd0c481976dbb6b3c436cf7806c4316473b1ef2e24309f3eff9391fd0b32f268130df73c8f3b132e4a2f2430e5d4d45e2d9f5b2d8a67d82f96417b1be362db6c6dd9b4c8275bcb66383de0bbf6f1f13f9bf5fcf67832e4ec90396d978383c0c3b1c24263d363c195d6da7aca568c187433bee7123ed67594460b3bd8ded655d70ba12d24dde4de4e088ea1007f08fec19f8836c47878278226d59c329a4927d91be0c9e69b6f4b5fbbef3bde844d2e40c01875947f73813b25c6a0dd3a80baeecb0e91f5318cb3016b0d882e19f10be8a38647ff04f23c9de388b0bee7860f81f848e9d177baba7a42e9270268dabb9f4ccb2000c8cd00c02c8a1bc7e75160ba3ce06d615d48079690c4c8e4a38251c90572c78fec379de77f233c19f8025d9871271f0fb8b3e195ab47be00cf0878ea6df616aabdb060d9c0c27ef7702e9696098b606671330783ce11b66238cbb2619f84fe17dff0050f05c194a6cf419a4338eb821b6711e7026c73664fd19c79197b220304323a59fa918d60fb92e89d9c16c90ce599acdadb7623819600e4f99fc0e847b9fea59e0cf0457a2cede884c23a300a7838db723b467b880b2dc8bff005c0a9df12e7d81f762eccee33274c01ecffb8874860e075e2cce90c410448c8378c36663f97783e7bc613fd2b6f0ccc8db5afb7802f096f0974d86adc692671b6ad725e0216464f4b45afd5d8b6688a6df6455d660871bbc0ec321e1db66ceecb38110ed7691ed794ba2d3b947f31fe837e18b0d64b27d4924992deb79974db6a164bd339a10e57ae12e904ec459078ae54e2d969bf4aeb8319893837067096121647b6419058a3b53a65e4fb27e41a49f2fd125f2dfe56ec3fcace706332490e0c38ae9867fdda1762769c1a3a426223d410720205a22627b489d9db0e797f9c1fd58f59c1859a4c46cb2c932c8e13676ed86edb48cb217d65e5e38824e43312fab13e3b6ff0053bf83b7c99ee6025b2c924e1ea63ce2346e838b3329f01e9b47cf26641b64a5736edb322cdf8141c18864588800f9026e1641c272f4cbc921ea39abed8c38c7cb065993e3c61d920dae08952bfb305b0c5bc3831c09311f768f602fb3e736fe5d77ace5f461c5d8412ce31e1c08844cb7834de35cbce366384999e5b6c6331eed4ffd9985e569965abebc936ff3767b60d9624938058718d9f833f1b1f91fca341908d6fa94c1c1d4940ee458efd2b60fea1d463042edd6c987e99611e37ab5d139c8626fc48c436f26c4db6198b333793c9960d817acb445c2dcd80707d651f06765a4f09cc7703626aacfc07cc7f803f11f822b7c46d7eb81ea59e5c940fa9387ae607d8431b6b0f9f560fa86185de96637bbcb36ce186e91585d0e02701b6186db72d9625ee72ce57846590de9c1606dd7ba8bc9babc3c7c924cbdf78166f6436a7bc3ce1d82dfe42dfe083c401dd81e410383442a7458e5efb23f72c7b2d1bd70edf5d410e3dffd11d24e04ed8703360c975ceaf85f612022c282ee5c2c372f6de37817060db1d27836db50edb129ed84ef0f21305c4f93b294133ae1ea5f46579fc2f2393fac2a3b03c0984a4a7921f5f89f81f8f38433ea313e987b864b7ecc672ca7190c47a657db0b2179b30827e08b33a67caee6e21f7c018fb632491d9974b2483218718876e24db6d6701ef838dce1558400bce2eb6d7843275175909c7e4bafc2fcc2ebe0f8e5064485a3db3f8793b7b86bc3d2617dc76c61c1132cbcc707de5dc411042ebe256d9c0064d195b1fa20b04e1548e789808c0b364951132d8790711061e490e3759f51360585a2f12e92c59c2c823917ace2e3f03f00e7667811f216fd32be7b9f3ce54e8bee6121e198498c70e063878311839e5e6c86b043e31193ae36bc5f4fa7bc30fbbb385dff00203a63e85ed85848b7c2220bb850471a1c047acf97ce1305889b3ea706d97270fd1003ab3c722c3891d25e99c7e23381c3ea6799f14bbe30607ce011fc9e0178eaf2c8449e2bb578636ecf041c32f231cf38b1889c48f718cf020222425e0a7bc64eacad2d597d34d7dc74b6db6d1980ba9e4e677f77d2433b622f0b22edd78c02d948f69db6e8de5c0437d17567f8878112e4f67823f8d90fd4cd9f80275ac638eec6dbc738d37abc77009e47cc9f38174998c1243e05311b2dc837936ea3beed898ff89721d793fdeac25b844d876ad4ad9cfb30781c2d25ec84ec4785be9375b1c02f26ca1c7bba23c5f86653c16cb33c023d7e3c913d318cbc87968f7e08b85f7361658585b1c02eb87827044f21085e2638a59ac6f1249f1ad798761ecb43d3a5bc08eb803bb2066feb587ec2bd90bf77fadd39bc1faf05a7d790e9c2c9b6c5d5edd2ddf96ba1ef9761641c013e71ea83ae1e7f075783e0cf02f1f84e59771c1b583cb4208039d97e5b6c39104f062178e4b0e5ea364967c40598f1d8b6d1f61253a1196f02b3ac9e0ccc388167873c39fe41688dc8325ce2cada78598960df56ebaf0e01f23c3dbc2185e787cfe0d8b63e0cec423f01f0593c6f205f2f1611f84e4e18707078b1089709b67111b33e0092124f0b21c8dcc0ddbdb41286cd98f4b2c938663819c62c2225d94b8b238f76ec8753aae9460b6d58e703b1f8ec9d23e0cf031f80f83ee780fc001fca71933113c5843e16781e390b1fd421c042672dbc5d10f5e91c1d6f5c021e0dd98f0659b223756700d9672a5e6025ecb591eb1173b4d785ae05b6d6510dba47dde7f0a693a3f9c3e0f0f039065964fc8f261b6d88b383ef027e19e1c4f0f5f98898be172ddd932ceac8d0a8290c486528ce192cc6f64eacb1f70c59c31702e9e4d772ee232c88cab722ab2e55f631d4f3f8b6bce19e07ccf07e04e6164927cde37823931133f878106bbc942311364f0b5ac4658c592492487fe13890e43f07956f07033b4b3c05294003b58fee389c4e8a75ad9843e1cbc8a3f17ddc331f31f9bc3c0e63ae1b2c938d86524f03c0e4911f245d78594c611131e5965922c727326249320d19b41fab810f07de1e3ce32dce307d8725e0a7c5ea5c1f3cba781d9145a59fa8f5070bdc38174703f1fdf3c1c0f8bc1f06787808f070c96493f109b650f262382e5bd6104cca34c32088e339d8764b27e00b89208a7b410459659677259ce9792cb2e70777d9092311d1c8105692070ad18e4f93e7e6bf6fab790f83311f066667e23c6413049c8f9093f03c4a1ee2b0c9e0661c042f3bbb6b7d9d1fbf8e9dff00bc3d6d884c613184c5588a3e9041659c327784e1af0ca59787a8b71dbf0c1e8c95aca3ef9998721d2dd1381f9104c65e64f8b1f16786c8472f070c391c1391c0e4238a8eb08722e09d0eedbd18bdeefd123470b0b5d56cd7f9f07cb58efef8c92c9fb9d92cc62df4da43d7dc41f066c993b989659d984c8067476c600701c0e831d511f6082cb6ef1d9e27e5338c259f807c59998211c33f033c8e2f07909e05f5c36bd5876dbd4c5bd89d21db2ebac7ea7c7a8fdcbea598419fa82838387c609f024c924f20548d199baede47c7278d95bb2cc9dccefcb194ed8e2671383215eb8827886f31dbc381862fe743047c18f9333c0472f011c331923999e526f51cfbf5b325b6cde1df07504f759c77849b670cc76052c10bf89249e40c568efeaf768f9332e4550453b794898e8e8b2380a70c611e811c40ba57d46dd86130da6179463c89fc43e4cf020fc6331c08cfbc1c70f513e46bbb09678458cfa433bb08ead96496490ba0cc03d23c3108f9f037e3964fc0beb1f4873a7863ab65924938659114008c88e405002f1777f593ef57d96c41dda31f22e17bbdff00edabc757ec97b379ada7e6783e4cb1ec1f06780e1e470dc65788deb94e42f62566c8f4cafb6401ec647562cb38492483c0454a6103edbc47f0b318c147a99bb8f4b78df86492720acba221c9332def81ab3d37df04c33184ff00cbb4f827d4ff00609382a3d3c6fedc429f4df690de3f8d63e6f011c1c330470f2c78bdbcc3abd721ca7704b387b6bd1bbfd9b5ce84ebed90719659c1e50412fa37a33fa52fb385fb2c7d3f349381923464c8ef364ddcf09ad9c09847d460072a5cce25500240d516415c092321f72fab1a06e49192165e037b1ddf7946f1c0cef4bc26d3e4da1f99983e070f0470f2c232cc5e2f31ee381c7b506124b4f111dd3e6198d5259c045a6390f053188409e9148cf91ee02d07ecb75ef63dc98fb05d6fc92498194f11d7d36cf196596416a86403d76f201387041c2dc6e94b00599039930fff00362eba8b8943f53210e0cc4165d9e378b1cf13bcccf9f4c984f1f826c19f2663e07c03e46485997cde78908ba718b67f66ccf3ab4fac24e1b20e50ac6bd78f0822649c06b1e9212ecd32da7e918e875b13edbefa4209307e296491e674f2263b1e320b2264544172001c3053a94004c5eac6a6bb583c2246ea0fd676ef04b561ac0626fbfc8f4a6df22b44212700b2c9b2c82f2981ec3fe92fcee07d90ff0070df7f363e2727c1f8325e0de23d47b83891d18e922bd919649242c6d43f8724635e3f741075659084d90e8dd1fc804918ac266c5fa4d0b2193006fd4c26ad3e396975e5ff006ce0996452fab2620381ae2f5952af633aab7fa0ca24db9b7d5b76a87cc639da3cfb1211d7027a20ee36c474e74493c27c21226410871603961edbd02962e3d9f167e4727c1f91d2f13e47b8e7e606ee583ce1071aa780a7c0b849e10ce7484ce0e91eed41ead9fa3e49db3a533d18074fc0853b73bc3cb7e22f6330ba266dfb21df8991a259a1ddd2213b82cb7ad93a6b78dc19e00920225ed6749ade61f6900e7846376b2fa5d1b50b3c0744dfb2f91efdfb8771bca3a7c3b74fc5dbb97c87c269947eedf83cdf16cf89f80fcbc7063673f304490b49f9c8807291de6fafc4ec4604f490a7ef24883276a1a74da005fb87903c92543920c6bff08102fc5007612a0f186845bad8608385380b75b403a2478436077f5088b7633b0cfa86e60ff60d15bb874ad350cf3ba4e072ec21f076bc7ff3f0282f2ffb216ab17e3386dd8f837dfc9e3813f00f6384b3862c59b13c08e1e07e201cd198a7fc62427525a480dd8df626516cea096344647ec20ec899b90af91a06302123f0d887bec6b7d442b04f009ec8ea6fb2cee3712ba9bfce47b9755fb726d3d7dc7b3bc1996222f2ef3f735be163c9e13084398fc24821c771ff006076dc5861f85e0e3cc23e2fc7c5e784f8a3d8e72cf8bc10709c0f207808f3f17899305276c76376d62b20d57dc5c35a777f9571bb4297d48fd865d05a84810e9044d3854891a24c9c9ec5a576176b7e1214cdfa81857d90f7b52d160c26c6ab20514b2efb607fadbcf28e07c1243c30e72c924e322381a7fece2c847e0793e03e2fc9e784bd7c1f51f85988e19279130381a59c3dc4cb2de29b83060e89d25b248355b1226383c6c2fd5b6bfe177a7d0d90dd04696276d2dc23ca7a40864b9c0ab2b4671dc96da3c6758eeff24946b7bdacb7e9d2ecfeb726af0cef6cd998db65ff00cdbcc7d7f072f0470767916451f8ce183e693cf8bc70debe0fa8fc4f07c32784c082274f3bab9dad8bace8d24c1fa95acdf228f4584d0fa0bb60e2fb761077a09137e8c7a3838b730082e70e9068702cc0e32f5090164604f0fbb6b7fb208086cb85dacb0a4f509b78b13603e6685ff98711ebf2b3304473e628e07e07e07c0f93f05d5e397d8995ea3f21f161f0047ae2c814fd97ff009aa4cff7dc623a0d8c25fa8861ff00ef77efe2c276120af3a308859d167019d9074712c82f77b61f1cf8748ebb0ef67d5d8a3b912c096534bf37a62df47488867ddd73ed3ff631ff0028fe7b3c11c283b63e6fc08fc6cc5ec2f3cb1337b8fc2cc47c9e44490f6ceeec4be7371b188d0ed963efdd8f4b667eec1acfe8b3e2adca02274e31ff00fcc7fe470662de4d1a4fb7d3f1812c69ac1319ac7b7d4d8c25b5855c17b40bec718b27b3249e88e51d179fccf2470f2f5308f833f123e1ffd9, '2025-10-26 07:57:05', 'active');
INSERT INTO `users` (`user_id`, `role_id`, `fullname`, `username`, `email`, `password`, `contact`, `profile_picture`, `created_at`, `status`) VALUES
(8, 2, 'Mark Marin', 'mark', 'titematigas3@gmail.com', '$2b$12$FiMgqfSEmA096knMBF2tX.rw9zkD/NFEYM59yJmzwrp6rF/DiPiwG', '09923441235', NULL, '2025-10-27 05:17:25', 'disabled');

--
-- Indexes for dumped tables
--

--
-- Indexes for table `activity_logs`
--
ALTER TABLE `activity_logs`
  ADD PRIMARY KEY (`log_id`),
  ADD KEY `user_id` (`user_id`);

--
-- Indexes for table `admin_login`
--
ALTER TABLE `admin_login`
  ADD PRIMARY KEY (`admin_id`);

--
-- Indexes for table `files`
--
ALTER TABLE `files`
  ADD PRIMARY KEY (`file_id`),
  ADD KEY `user_id` (`user_id`);

--
-- Indexes for table `notifications`
--
ALTER TABLE `notifications`
  ADD PRIMARY KEY (`notif_id`),
  ADD KEY `user_id` (`user_id`);

--
-- Indexes for table `payments`
--
ALTER TABLE `payments`
  ADD PRIMARY KEY (`payment_id`),
  ADD KEY `job_id` (`job_id`);

--
-- Indexes for table `price_list`
--
ALTER TABLE `price_list`
  ADD PRIMARY KEY (`price_id`);

--
-- Indexes for table `print_jobs`
--
ALTER TABLE `print_jobs`
  ADD PRIMARY KEY (`job_id`),
  ADD KEY `user_id` (`user_id`),
  ADD KEY `file_id` (`file_id`);

--
-- Indexes for table `products`
--
ALTER TABLE `products`
  ADD PRIMARY KEY (`product_id`);

--
-- Indexes for table `reports`
--
ALTER TABLE `reports`
  ADD PRIMARY KEY (`report_id`);

--
-- Indexes for table `roles`
--
ALTER TABLE `roles`
  ADD PRIMARY KEY (`role_id`);

--
-- Indexes for table `system_settings`
--
ALTER TABLE `system_settings`
  ADD PRIMARY KEY (`setting_id`);

--
-- Indexes for table `users`
--
ALTER TABLE `users`
  ADD PRIMARY KEY (`user_id`),
  ADD UNIQUE KEY `username` (`username`),
  ADD UNIQUE KEY `email` (`email`),
  ADD KEY `role_id` (`role_id`);

--
-- AUTO_INCREMENT for dumped tables
--

--
-- AUTO_INCREMENT for table `activity_logs`
--
ALTER TABLE `activity_logs`
  MODIFY `log_id` int(11) NOT NULL AUTO_INCREMENT;

--
-- AUTO_INCREMENT for table `admin_login`
--
ALTER TABLE `admin_login`
  MODIFY `admin_id` int(11) NOT NULL AUTO_INCREMENT, AUTO_INCREMENT=2;

--
-- AUTO_INCREMENT for table `files`
--
ALTER TABLE `files`
  MODIFY `file_id` int(11) NOT NULL AUTO_INCREMENT, AUTO_INCREMENT=39;

--
-- AUTO_INCREMENT for table `notifications`
--
ALTER TABLE `notifications`
  MODIFY `notif_id` int(11) NOT NULL AUTO_INCREMENT, AUTO_INCREMENT=18;

--
-- AUTO_INCREMENT for table `payments`
--
ALTER TABLE `payments`
  MODIFY `payment_id` int(11) NOT NULL AUTO_INCREMENT, AUTO_INCREMENT=7;

--
-- AUTO_INCREMENT for table `price_list`
--
ALTER TABLE `price_list`
  MODIFY `price_id` int(11) NOT NULL AUTO_INCREMENT, AUTO_INCREMENT=10;

--
-- AUTO_INCREMENT for table `print_jobs`
--
ALTER TABLE `print_jobs`
  MODIFY `job_id` int(11) NOT NULL AUTO_INCREMENT, AUTO_INCREMENT=39;

--
-- AUTO_INCREMENT for table `products`
--
ALTER TABLE `products`
  MODIFY `product_id` int(11) NOT NULL AUTO_INCREMENT, AUTO_INCREMENT=4;

--
-- AUTO_INCREMENT for table `reports`
--
ALTER TABLE `reports`
  MODIFY `report_id` int(11) NOT NULL AUTO_INCREMENT;

--
-- AUTO_INCREMENT for table `roles`
--
ALTER TABLE `roles`
  MODIFY `role_id` int(11) NOT NULL AUTO_INCREMENT, AUTO_INCREMENT=3;

--
-- AUTO_INCREMENT for table `system_settings`
--
ALTER TABLE `system_settings`
  MODIFY `setting_id` int(11) NOT NULL AUTO_INCREMENT, AUTO_INCREMENT=2;

--
-- AUTO_INCREMENT for table `users`
--
ALTER TABLE `users`
  MODIFY `user_id` int(11) NOT NULL AUTO_INCREMENT, AUTO_INCREMENT=9;

--
-- Constraints for dumped tables
--

--
-- Constraints for table `activity_logs`
--
ALTER TABLE `activity_logs`
  ADD CONSTRAINT `activity_logs_ibfk_1` FOREIGN KEY (`user_id`) REFERENCES `users` (`user_id`) ON DELETE SET NULL;

--
-- Constraints for table `files`
--
ALTER TABLE `files`
  ADD CONSTRAINT `files_ibfk_1` FOREIGN KEY (`user_id`) REFERENCES `users` (`user_id`);

--
-- Constraints for table `notifications`
--
ALTER TABLE `notifications`
  ADD CONSTRAINT `notifications_ibfk_1` FOREIGN KEY (`user_id`) REFERENCES `users` (`user_id`);

--
-- Constraints for table `payments`
--
ALTER TABLE `payments`
  ADD CONSTRAINT `payments_ibfk_1` FOREIGN KEY (`job_id`) REFERENCES `print_jobs` (`job_id`) ON DELETE CASCADE ON UPDATE CASCADE;

--
-- Constraints for table `print_jobs`
--
ALTER TABLE `print_jobs`
  ADD CONSTRAINT `print_jobs_ibfk_1` FOREIGN KEY (`user_id`) REFERENCES `users` (`user_id`),
  ADD CONSTRAINT `print_jobs_ibfk_2` FOREIGN KEY (`file_id`) REFERENCES `files` (`file_id`);

--
-- Constraints for table `users`
--
ALTER TABLE `users`
  ADD CONSTRAINT `users_ibfk_1` FOREIGN KEY (`role_id`) REFERENCES `roles` (`role_id`);
COMMIT;

/*!40101 SET CHARACTER_SET_CLIENT=@OLD_CHARACTER_SET_CLIENT */;
/*!40101 SET CHARACTER_SET_RESULTS=@OLD_CHARACTER_SET_RESULTS */;
/*!40101 SET COLLATION_CONNECTION=@OLD_COLLATION_CONNECTION */;
